"感觉逻辑清晰,老师讲的很有代入感,当然
希望这么好的课程 不!要!下!线!啊!",474,5.0
"我爱C语言，我喜欢翁恺老师的课，我学这门课不是为了学习知识，一种对C语言和我喜欢的老师的情怀。请注意，我不是在开玩笑，而是真话。C语言是我接触的第二门计算机语言，也是向我打开计算机世界的一门语言，它小巧、简介、表达力丰富，有很多的软件都是以C语言写作完成的。翁恺老师是我在2010年接触到的，当时，我们学校的图书馆有一个视频教程，就是翁老师i讲解的，讲的是web系统制作的技术，我仔细听过这门视频课程，发现翁老师对教育、对计算机充满了热情，我能感受到老师对计算机的热爱，我被他深深的感染了，之后我陆续从网上跟着老师的视频教程学习了C  、Java等课程。看到这门《C语言程序设计进阶》的时候，我也就顺利成章的学习了。感谢翁老师，虽然没有谋面，但是他的真诚、热情已经深深的影响了一个北京的学生的学业和事业。目前我在中国科学院工作，是一名工程师，我热爱我的工作，这种热爱是受到翁老师的感染而加深了的。
",408,5.0
这些东西都是人写出来的，大家都是一个大脑，现在你写不出来，只是你还有东西不知道。,268,5.0
"# include<stdio.h> 
int main(){
   printf(""好好好！"")
return0;
}
",256,5.0
"超级好的课！！！
本人10年大学毕业，一直从事互联网产品、运营类工作。今年想自学一些编程知识，终于找到翁老师的课，深入浅出，逻辑清晰，0基础学习最好课程。

-----------------------期待翁老师后续能多出一些课程。-------------------------

顺便说一句，评价说好的那些童靴们~内容说着好，结果还尽然打个……3星的……你们要求高没关系，希望别因此影响了后面同学的选择，而错过了这么好的课程，走了弯路，浪费了他们的学习时间。
感谢翁老师，感谢网易，感谢高教社。",215,5.0
本人在校2本大学生，学习机械专业，一心想掌握高超的电脑技术，在慕课平台上找到了一片乐土，翁恺老师讲课平易近人，通俗易懂，在学习了浙大c基础入门后，继续学习进阶课程，我对这位老师的教学能力有着极高的评价，我也会在计算机技术这条路上继续努力，将来有出息我会去拜访翁老师，感谢您的培养！最后祝老师身体健康，工作顺利，桃李满天下，四海皆学子！,151,5.0
听了这课让我一个生科院的想考浙大计算机系,88,5.0
浙大也许是一生的梦想吧，感谢Mooc,69,5.0
我说这是五星 谁赞成谁反对？,43,5.0
老师的厉害在哪呢？首先我感觉老师对计算机程序有着非常的了解，在上课的时候我感觉到了老师对全局的把握，而且以一种计算机思维来引导我们学习，或许正是他的引导，当我们以后成为一名优秀的程序员到时候，会感激这样的引导，这样的循序渐进的思维。第二我想说的是老师室友自己独特的人格魅力的，厉害的老师不多，但又有这样的情怀的老师更少。别的都不多说了，我一直都在看这个课。也为C语言的初学者推荐一下，或许这是你C语言最宝贵的入门。,37,5.0
翁老师上课非常厉害，逻辑清晰，举例充足，无数机械念稿课程中的一股清流。即将进入ZJU的学生表示要再上一遍翁老师的课，不知道现场听课会有什么不一样的体验。（然而听说抢课异常艰难。。。）,37,5.0
翁恺这个名字就意味着高质量！,23,5.0
很喜欢翁恺老师的课，循循善诱。能感觉到是个可爱的人，横向比较过别人的课，感觉基本功没有翁恺老师的扎实，现在C语言入门和进阶的课已经看完，PTA上的题目只剩链表没有做了。还跟着别的老师学了Python入门，下一步打算争取跟着翁恺再学几门语言，C加加，JAVA，Python。半路出家的，还要去别的地方补计算机组成原理，算法等。长路漫漫，一起加油。,21,5.0
迄今为止本人发现的最好的C语言中文入门视频,16,5.0
老师讲的真好，求不下线,15,5.0
"我是一名大专生，老师对我们上的课很不上心，就是简简单单过一遍内容。我基本靠自学。偶然间刷b站有人推翁恺老师，就一直跟着学了。怎么说，可能我脑子真的不太好使，老师讲的很多内容我都没法第一时间理解透彻。需要重复看几遍，去参阅其他书籍。而且你学的越多，越深奥，再回过头来看，就发现老师讲的越好。
现在我也能自己写一点东西出来了。最重要的是！我觉得上翁恺老师的课学的不仅仅是c语言的知识，更重要的是那种探究性思维。",14,5.0
"可能是因为很多年前录的视频，现在顺序改来改去，我感觉学起来有些吃力。
我知道老师平时很忙，但是进阶课程的质量确实赶不上入门课程的。",11,4.0
感觉课程连贯性不是很好,11,4.0
"课程体验非常差，连续两次没有课程评分标准。平时作业的占比是真的大：）
客服不走心，不耐烦的回复让人觉得，一个mooc的证书真的是高攀不起。



课的角度
1.整体感受：感觉翁恺老师讲解的还是比较高屋建瓴同时也兼顾了细节，结合C程序的书籍一起学习，让大学时期闭塞脑袋的本人再次邂逅了了C语言，燃起对编程的兴趣！
2.印象最深：最钦佩的事翁老师的教学理念，一直在鼓励引导观者继续前行
3.提一个不成熟的建议，课程内容可以适当精简，提高后台管理水平吗，作为网红课程也要及时打打补丁
再次感谢翁老师。",8,2.0
非常棒，非常喜欢翁恺老师的风格，尤其是翁恺老师在课上不停的演示代码，非常生动、直观。,5,5.0
翁老师授课的方式非常的符合我们学生，他能够深入浅出的讲解每一个知识点，通过一些实例来对知识点进行讲解，并且他的授课语言风趣幽默，让我们在一种轻松愉悦的学习氛围下掌握他所教授的知识。,5,5.0
以前就听说翁凯老师讲的特别好，抱着试试看的态度，学习了C语言入门课程，真的厉害，全程手动敲代码，分析的非常透彻，化复杂为简单。不像有的学校就是念PPT。北京理工大学的嵩天老师讲的也不错。入门课程学完了，准备学习进阶课程，然后再学数据结构,3,5.0
老师什么时候能出c  或者c#视频不,3,5.0
本人是翁恺老师忠粉，去年看完了翁恺老师的c语言，讲课方式非常吸引人，每一步都把握的非常好，非常不错，永远滴神。现在在学c  却总是想跟着翁恺老师学，真的希望翁恺老师把c  也讲一遍，哈哈。,2,5.0
"    浙大PTA什么机制啊？！我感觉，就是如果想使用，就含蓄地逼着我们支持正版教材咯~~然后，教材后面有一个课程邀请码，刮码获得进入权限？！
    如果真的是这样的话，真的是。我还不如看其他学校的OJ呢！",2,2.0
特别特别好，老师的逻辑清楚，讲解细致。,2,5.0
"真的！老师的讲法对一个自学的人来说太重要了，在知道翁恺老师的课程之前是也是在网上自己找网课自学的，当感觉听的似乎弄的C语言很复杂一样，听朋友介绍了翁恺老师的课之后来到翁恺老师的课堂，真的是换了一种感觉，老师的讲解方式对初学者很友好，不像那种教科书一样的教法，另外老师也很幽默！目前遇到讲得最好的线上老师了！！！
",2,5.0
建议配合书本和pta刷题，更牢一些,2,5.0
我用了两周半的时间把前面程序设计入门补完了，真的用处很大！我学这个课程完全是自学，听老师讲课是完全能听懂的，对我们这些没基础的人来说很受用，感谢,2,5.0
haohao,2,5.0
老师讲得很好，思路清晰，简单易懂。还有推荐的软件dev c++也简单实用。,2,5.0
"语言形容不出来的棒！
p.s老师的视频贼下饭(≧∇≦)/",2,5.0
"计算机专业大三学生前来学习,查缺补漏（女娲补天），希望一步步学习能提升代码能力和思想，感谢翁凯老师",2,5.0
"( ^_^ )不错嘛
",2,5.0
建议学计算机把翁恺老师的课列入必读课程,1,5.0
听此圣言，风禾尽起。如斯贤，克明俊德，含章未曜。使我青衿之志，履践致远。,1,5.0
有些地方无法理解，可能是本人的问题，但是课程总体是非常优秀的，能接触到如此优秀的课程真的非常幸运,1,4.0
老师讲解很细致，在应用中学习，能把基础知识的很多细节领悟清楚，强烈希望老师能够出一期数据结构和算法的课程，哦对还有c加加    拜托啦！！！,1,5.0
很好很好喜欢这种平和的循序渐进的教学方式,1,5.0
翁恺老师的课值得一个刚开始学的人第二遍第三遍听，每一次都有不同感觉，收获颇丰，不吹好吧，强烈推荐！,1,5.0
好像妙脆角进了米奇妙妙屋，妙到家了,1,5.0
很有教育意义,1,5.0
"非常有收获，老师辛苦了
",1,5.0
翁恺老师讲的非常好，是我的领门老师,1,5.0
很棒，very good！,1,5.0
翁恺NB！每学一门新语言时都会先去看翁恺的课,1,5.0
图形这块的用途不大，也许可以考虑设为选修。循环讲的有一些啰嗦。其它重要内容循环、函数、数组、指针、预处理指令、结构体，这些可以再细致深入一下。,1,4.0
课程很不错 就是现在参与的人有点少 之前的问题没有解决,1,4.0
从没有见过一个网课可以做到像翁恺老师这样的程度。翁恺老师就是我学习C语言的引路人，感谢翁恺老师，感谢MOOC！,1,5.0
期待(๑>؂<๑）好吃喵！,1,5.0
马上要学完翁老师的入门课了，先把进阶课预定好。翁老师讲的太棒了！超级棒！我最近写程序都入迷了。推荐给好多人了,1,5.0
翁恺！我滴男神！,1,5.0
翁恺老师太棒了趴,1,5.0
老师讲的真心太好了,1,5.0
超棒的课程，学完c入门来学c进阶，学完再学数据结构，感谢老师,1,5.0
超赞，老师讲得很好,1,5.0
棒棒的！！！,1,5.0
让我对C语言有了不一样的认识！,1,5.0
老师讲的很好很清晰,1,5.0
"非常好！！
",1,5.0
学习的好地方！,1,5.0
"cjcjcjcj超级超级好的！！！
翁恺老师真的超级超级赞
",1,5.0
nbnbnbnb!,1,5.0
好！好！好！重要的事情说三遍！！！忠实学粉 1，永久学粉 1,1,5.0
翁恺讲解的非常详细，学到的东西很多，希望这个课程可以一直开下去！,1,5.0
"讨论区，这里交流太少，老师也鲜有机会来。
但是课程还是一级棒的！~很喜欢。
如果有老师常用的联系方式，就好了。

很多问题困扰的时候，得不到解决，很难受。",1,5.0
初级现在哪里还有，或者类似的？,1,5.0
有老师带着学比自己看书自学好多了！,1,5.0
老师很幽默 哈哈,1,5.0
我喜欢翁恺老师的课*^_^*,1,5.0
我恺哥最帅,1,5.0
老师讲的特别好,1,5.0
学到不少东西  终于学完了  复习两天  要学数据结构了,1,5.0
翁老师讲很好，正在一点一点地学习，通俗易懂，内容衔接有条理，感谢翁老师，感谢MOOC这个优秀的学习平台！,1,5.0
很好，大部分都能听懂,1,5.0
棒！强烈推荐,1,5.0
自学C语言的不二之选,1,5.0
老师说的非常棒,1,5.0
"很好很好真的挺好的
",1,5.0
翁凯哥哥上的很好，不愧我浙名师啊,1,5.0
"深入浅出，通俗易懂。
零基础，从入门课到进阶课快学完了。
学完之后还会深造哒~~~",1,5.0
"哇，老师讲的超级赞！链表那一块结构的创建受到启发很大，教了我们创建链表的所有思路。我觉得教代码部分最重要的就是思路，这个老师讲的很有条理，虽然我自己琢磨了很久，当想通之后，就会发现讲的超级赞！
非常感谢老师的课程",1,5.0
期待分四星！等翁恺老师的这门课真的等的很辛苦，从第五次开课结束一直等到现在。入门课里老师高超的教学水平希望可以同样在这门课里保持,1,4.0
老师讲的很好，可惜后面没坚持下来,1,5.0
翁凯老师讲的通俗易懂，把C语言讲的很透彻。希望翁凯老师能够出更多的CS方面的课程，非常感谢！,1,5.0
翁凯老是这门课有些难，很多内容我第一遍是没有听懂的，但是回过头来听又觉得很有味道，结合这指定课本和C premier plus学习就更有味道了。感谢老师提供这么优秀的课程给社会，感谢MOOC这个平台，感谢开源和免费的精神！,1,5.0
老师会把一些想法用代码编出来 不是PPT讲师 很赞,1,5.0
授课思路很清晰，循序渐进易理解。就是想问一下进阶版的课程没有网络参考资料吗。,0,5.0
好好好好好,0,5.0
有这个途径真的好,0,5.0
翁恺老师讲得好啊,0,5.0
课程内容充实，学习效果显著,0,5.0
太棒了，高浓度的知识进入了我的脑子,0,5.0
翁恺老师绝绝子，太强了给老师鼓掌！！！！,0,5.0
yyds!,0,5.0
66666,0,5.0
红红火火恍恍惚惚哈哈哈哈哈哈哈哈哈哈哈哈哈哈哈哈哈哈哈哈哈哈哈哈哈哈哈哈哈哈哈哈哈哈哈哈哈哈哈哈哈哈哈哈哈哈哈哈哈哈哈哈哈哈,0,5.0
课程很棒，非常喜欢,0,5.0
讲清了脉络,0,5.0
"yyds.
",0,5.0
"很爽，很nice
",0,5.0
这个老师很厉害。,0,5.0
初学者的福音！！！！！,0,5.0
"讲的很好，都给演示，但是演示的一些符号有点看不懂

",0,5.0
真的很棒！,0,5.0
真的很棒！,0,5.0
c语言关了，只能看这个，翁恺老师讲的确实好,0,5.0
五个字五个字,0,5.0
老师讲解的非常到位,0,5.0
"很好的学习了C语言
",0,5.0
挺不错的！,0,5.0
"这是有点难啊
",0,5.0
翁恺老师的课程！！真的绝了，大家一定要上手练习，特别好！！,0,2.0
good！,0,5.0
"哇！超出遇期啦。
",0,5.0
很用心的教学,0,5.0
非常好好好好很好很好,0,5.0
"简单易懂，生动形象
",0,5.0
"老师讲的东西细致认真
",0,5.0
"很好，学习氛围浓厚
",0,4.0
学到了很多关于c语言的新知识,0,5.0
学到了很多东西,0,5.0
"很好很好好好
",0,5.0
非常好，老师讲解很清晰。,0,5.0
老师讲的太好了！如果可以多讲讲vim和图形化界面就更好了,0,5.0
我想申请证书,0,5.0
深入浅出，清晰易懂，细节讲解到位,0,5.0
非常好，受用,0,5.0
课程内容很棒，老师讲的很好，深入浅出循序渐进，学到了很多知识,0,5.0
通过这次学习，我学到了很多知识,0,5.0
有的点讲的不行,0,2.0
时不时能收获意外的知识,0,5.0
真是太棒了！！！,0,5.0
受益匪浅！,0,5.0
通俗易懂，循序渐进,0,5.0
受益匪浅，对于c语言乃至计算机编程思维的训练都起到了很好的正向提升，配合pat的题目和课后练习让我对知识点掌握的更深，理解的更透彻。,0,5.0
太酷啦，！,0,5.0
老师：能否把这门课的前序课程给再次开放呀？这么优质的课程关闭了很可惜呀！得先学习C语言的入门级做基础才学得了进阶的这部分呢~ 跪求老师开放入门C，不胜感激！,0,4.0
学到很多知识！,0,5.0
说真的诶，看翁恺老师的课是情怀哇！,0,5.0
"真的讲的太好了，赞赞赞
",0,5.0
"程序越写越大，一个函数很快就不够了，一个源代码文件很快也不够了。

本周就是关于如何把程序代码分散到很多个函数和很多个源代码文件去。",0,5.0
清晰 易理解,0,5.0
非常好，讲解很细致,0,5.0
老师讲课通俗易懂，对一些知识还进行了扩展很难得,0,5.0
"很nice,翁恺老师讲的很通俗易懂，让我这么一个有理数加减法都不会的人，学会了c
",0,5.0
翁老师，YYDS,0,5.0
终于可以学习数据结构了！！,0,5.0
很细致，很好,0,5.0
翁老师看起来讲C语言内容，实际对计算机内核理解很透彻这就是为什么他讲的C如此清晰，值得推荐,0,1.0
翁凯老师讲的非常的好，收益很大，听完之后醍醐灌顶,0,5.0
老师讲的非常不错,0,5.0
"觉得是最好的C语言教学视频
",0,5.0
hj hvuuyuh,0,5.0
老师讲解清晰有趣，非常好,0,5.0
"翁老师本身水平很高，所以讲课能延伸出很多东西，虽然有时比较难明白，但是仔细琢磨后，发现收获实在是太大了
",0,5.0
哇！超出预期了,0,5.0
课程内容和习题难度略有不对等,0,4.0
对初学者特别友好，老师讲的深入浅出，便于理解，习题可练习度高,0,5.0
我宣布翁恺老师是我的男神！,0,5.0
老师讲课的方式非常好，用实列来演示，我非常的喜欢,0,5.0
翁凯老是确实牛,0,4.0
非常推荐，学习c语言的好课程,0,5.0
挺好的，有学到一些东西,0,3.0
老师讲的非常好，希望教学里面能多给些练习的例子，最好能贴近实际项目的,0,5.0
内容简洁但全是干货,0,4.0
.....,0,5.0
"好好好好好！
",0,5.0
"翁恺讲的真好
",0,5.0
蛮好的。蛮好的,0,5.0
好好好好好好,0,5.0
老师讲得很好！,0,5.0
老师超级好哎,0,5.0
老师很厉害,0,5.0
很喜欢翁凯老师的课希望一直能开下去,0,5.0
声音好听！,0,5.0
"牛逼class

",0,5.0
"学习到了蛮多的，至少让我对c有了初步的认知，虽然感觉学的还是很浅
",0,5.0
非常不错，值得学习,0,5.0
非常好的课程,0,5.0
"翁恺老师讲的真是太太太太太好了！！！
循序渐进、深入浅出，既简单易懂，又不乏深度。
而且还有很多小tips，让我们从小白时期开始，就养成良好的编程习惯。",0,5.0
好很好非常好,0,3.0
"非常好，很棒

",0,5.0
翁恺老师很不错，学到了不少,0,5.0
好好好好好,0,5.0
"老师教的由浅入深

",0,5.0
收获颇多，不仅学到了技术，还收获到了不少编程思想,0,5.0
老师讲的很好呀，很详细，通俗易懂,0,5.0
。。。。。,0,5.0
有实力又很替学生着想的老师，非常难得，是大学老师里的清流！,0,4.0
课程很好，很棒,0,5.0
非常好的课程,0,5.0
000000,0,5.0
从mooc这里学到了不少C语言相关的知识，翁恺老师的课还是很不错的,0,4.0
课程深入浅出，通俗易懂，又不乏拓展性，很喜欢,0,5.0
很好的自学课程,0,5.0
Good!Best!!,0,5.0
"老师讲解清晰，生动风趣，好评
",0,5.0
"真的很通俗易懂
",0,5.0
对于一个完全没有任何编程基础的人来说，这门课简直就是最好的选择。正如翁恺老师所说的，这门课的学习只需要有初中水平就够了，讲的也是简单易懂。不想某大学的课程，纯属照着ppt念，代码讲解也没有，单纯的知识的灌输。,0,5.0
非常非常非常好,0,5.0
老师讲的非常精简，循循善诱，非常好！,0,5.0
"讲的非常棒
",0,5.0
"printf(""真的好"")；",0,5.0
c初级怎么参加不了,0,5.0
非常好，学到了很多,0,5.0
翁恺老师讲的不错。,0,5.0
深入浅出，精品课！,0,5.0
教的内容通俗易懂,0,5.0
很棒，学到很多,0,5.0
通过实际样例解读C语言，感觉很不错,0,5.0
"知识点全面，重点突出；课程内容安排，环环相扣，设计巧妙；讲课风格，吸引学生，趣味与知识并存；课堂留有学生思考，深入了学生对知识的理解，加深了对知识的印象；
总之，十分推荐学习这门课程，老师的讲课方式，使我深深地被C语言吸引。
这种纯粹的知识魅力体验真的极其美好，渴望学到新的东西的想法不断得到满足而又不断涌现，更重要的是我通过这门课建立起来了基本的C语言的知识框架，同时又了解了一些关于编程的一些有趣的知识与技巧，真的很推荐，也很感谢。",0,5.0
好好好！一伯昏！,0,5.0
赞一个，爱你,0,5.0
哇？超出预期了,0,5.0
很喜欢老师的教课方式,0,5.0
翁恺老师的课程非常好,0,5.0
教学内容浅显易懂，老师平易近人,0,5.0
老师讲的很到位,0,5.0
老师讲的太好了,0,5.0
2022年秋什么时候开,0,5.0
在此，我学到了很多基础知识，感觉理解的更容易了！,0,4.0
老师讲的浅显易懂。,0,5.0
"666
6666666666",0,5.0
"应该补充多点知识点
",0,3.0
真的是讲了太好啦！通俗易懂，生动有趣，老师个人也很有魅力,0,5.0
"我爱翁恺老师！
",0,5.0
henbang,0,5.0
这个老师讲解真的超级棒！思路非常清晰，重点难点也非常突出，干货满满！,0,5.0
简约不简单,0,5.0
好的老师讲的都不一样,0,5.0
真的非常棒,0,5.0
非常好的c进阶教程,0,5.0
老师讲课清晰易懂,0,5.0
很棒的课程，但总感觉有的地方衔接不太好，像缺了什么一样,0,4.0
"bucuo
",0,4.0
good！！,0,5.0
精心制作的课程视频，翁恺老师讲的很棒,0,5.0
翁恺老师永远的神,0,5.0
"好好好好好
",0,5.0
老师讲的很生动，并且通俗易懂，在学习的过程中还不断给我们鼓励,0,5.0
内容再多点就好了,0,4.0
讲解较为清晰,0,5.0
这个课很棒啦，学完就去看数据结构与算法,0,5.0
翁恺老师，相遇恨晚,0,5.0
被翁恺老师震撼到了，真的能学到好多东西,0,5.0
无.....,0,5.0
很好很好很好,0,5.0
"好
好好好好好
",0,5.0
感觉可以再扩展一下,0,5.0
非常好，讲的很清晰,0,5.0
讲的真的好，是我C语言的启蒙老师。希望翁老师身体健康，桃李满天下！,0,5.0
老师讲课非常清楚，并且不失幽默,0,5.0
"好
good",0,5.0
简练易懂，贴近生活,0,5.0
非常棒！！！！！,0,3.0
一天费用分摊,0,5.0
要是多点习题就更好了,0,5.0
12113221321,0,5.0
非常的棒，good,0,4.0
讲得很好！,0,4.0
翁恺YYDS！,0,5.0
好课，温恺老师讲的很容易懂,0,5.0
每节课都是视频、文档、小测试、作业，四合一，学习效率极高！,0,5.0
阿巴阿巴。,0,3.0
"第三周 -> 11.3 联合 类型定义 ： 
 typedef  *char[10] Strings;  这个是错误的吧?  编译报错。
是不是这样的  typedef char* Strings[10]; ",0,5.0
henbang ,0,5.0
很好，就是讨论区活人太少了,0,5.0
很不错的课程，让我这个c语言小白受益匪浅,0,5.0
课程对我有帮助,0,4.0
很好对于我来说,0,5.0
老师讲的很好,0,5.0
不要下架啊！！！！！,0,5.0
学会了很多,0,4.0
很好，老师讲的很清楚！,0,5.0
非常好，翁恺老师最帅,0,5.0
读者验证码在哪里呀,0,5.0
非常好，老师很棒,0,5.0
翁老师带给我最大的收获就是，在解决一个编程问题时，可以先借助某种方式将它构思出来，这样在写程序的时候，就会减少很多问题的出现,0,5.0
讲的非常好,0,5.0
"讲的很好，感觉自己有了很大的提升
",0,5.0
翁凯老师的C语言课真的很棒,0,5.0
讲得很好，学习了,0,5.0
考试很紧张哈哈！翁老师讲的特别好！,0,5.0
翁恺恺叔和陈越姥姥直接封神好吧,0,5.0
"很好，快点发证书吧
",0,5.0
"非常棒！！！！！
",0,5.0
好！！！！！！,0,5.0
"老师讲的太好了
",0,5.0
就个人感受而言，老师会从能力提升，原理讲解上进行叙说，也附带有实际运用；对于我来说，这门课程是很重要的。,0,5.0
翁凯老师讲的很好,0,5.0
好好好好好,0,5.0
非常吸引人,0,5.0
翁老师讲课深入浅出，摆脱了以往老教师说教式的上课模式，语言非常接地气，表达方式通俗易懂，确实是我接触过的讲得很棒的大学老师！~,0,5.0
太难了，入门级别的学不了吧,0,5.0
通俗易懂，比在学校听PPT要好很多,0,5.0
赞赞赞，感谢老师,0,5.0
老师讲得真好,0,5.0
课程内容组织得很有条理，由浅入深，实用性很强。语言精练，很有特色，娓娓道来，像讲故事一样吸引人。,0,5.0
6666666666666,0,4.0
课程不错，录制时间较早，如果能使用最新的IDE软件录制，会更棒,0,4.0
感激之情溢于言表,0,5.0
呵呵哈哈哈,0,1.0
教学方案极好，易学，易懂,0,3.0
"yyds啊

",0,5.0
"讲解非常清晰，逻辑通顺!
",0,5.0
课程紧凑明了，好理解,0,5.0
真的非常好,0,5.0
补充了我学习遗漏的方面,0,4.0
讲得很详细，课程设计循序渐进。,0,5.0
出题人很友好,0,5.0
太好了，真的太好了,0,5.0
课程内容丰富，所包含的知识面很广，能有效的学习到新知识,0,5.0
思路清晰，由浅入深，很好,0,5.0
学到了很多知识，感谢老师！,0,5.0
受益匪浅呀,0,4.0
太棒了，感谢教授的慕课,0,5.0
这个课程好啊啊,0,5.0
"老师讲的真的很好
",0,5.0
课程短小精悍，内容紧凑，上级演示内容清晰明了，注重基础逻辑和计算机的运作,0,5.0
"挺好挺好啊啊啊啊啊
",0,5.0
内容详细，能很好的与实际使用相结合,0,2.0
"还不错，入门到进阶都听了。整体内容比较清晰，讲的也比较容易懂。不过最后的内容稍微有点懵。还是得动手
",0,4.0
"啊啊啊啊啊啊啊啊!我才来,就还剩2周结课了",0,5.0
老师讲的很好，非常详细，,0,5.0
非常好！！！！,0,5.0
整个课程感觉就是：教的是加减乘除，让你解多元线性方程。一句注释都不写，让你猜猜这段代码我要干什么,0,1.0
jiangde很不错,0,5.0
爱了爱了！,0,5.0
详略得当，逐步深入，感谢带新手入门,0,5.0
老师一如既往的好，继续跟随，努力学习！,0,5.0
当年学过的 谭浩强 里面少了很多 指针 相关的东西。,0,5.0
老师讲课的架构比较清晰，举例清晰有助于理解知识点,0,5.0
有很大的收获,0,5.0
多给些练习题，参考答案就更好了。,0,5.0
非常优质的课程,0,5.0
"我是看完了别的老师的入门课,但没有讲链表,于是专门搜的链表内容找到的这个课,结果十分惊喜,于是把这个还有老师的完整的c语言程序设计也加入了.
老师讲的指针很好懂,他很喜欢""看地址"",我自己就爱这么干,这样真的对理解很有帮助,之前我都是自己边学边写代码来看,有时候搞错了就耽误很多时间.
比如之前听课我自己琢磨指针的分配什么的整半天,结果老师第一节指针内容就讲到了.
而且对于声控,老师的声音也很完美.
",0,5.0
在学习的过程当中学习到了许多函数的实现，是一节好课。,0,5.0
HAIXB,0,4.0
老师讲的很好,0,4.0
听了三个老师的课差点要放弃学习了，直到发现翁恺老师的课程，原来C语言可以讲得这么直白，终于听懂了！要坚持学下去！全网最易懂的C语言课程！没有之一！,0,5.0
老师讲得很好,0,5.0
"非常感谢老师
",0,5.0
对于初学者来说慢慢有点难了，前面学过的一些细节容易忘记，然后有些地方会更不上跟不上，坚持吧！,0,5.0
"char *p;
while (1) {
    p = malloc(1);
    *p = 0;
}
这个题没有问题吗？ malloc 不是返回void * 吗， 不用强制类型转换就直接可以赋值吗？求解",0,4.0
跟老师重温基础！基础不牢，大厦倾覆于一瞬！,0,5.0
"超级超级好的一门课
",0,5.0
nbnbnb,0,5.0
从翁老师的课中学习到了很多,0,5.0
"多来点，小程序什么的，来个扫雷的C语言啊什么的
要不然没意思",0,3.0
对计算机感兴趣的文科生太开心了,0,5.0
翁恺老师是我认为最好的老师，不愧是浙大,0,5.0
翁恺老师yyds,0,5.0
课程很好 就是有些地方还是不够细致 ,0,5.0
感觉到自己有点提升了，有了整个框架的概念,0,5.0
翁恺老师我的超人！,0,5.0
"超级好好好
",0,5.0
"授课方式十分的好,超出了我的预期",0,5.0
深入浅出，学习有兴趣，知识丰富，令人动容。,0,5.0
有层次，希望有更深入的后续课程,0,4.0
可以说是收获满满,0,5.0
很详细，易懂,0,5.0
十分幽默，而且对小白很友好,0,5.0
好！！！！！！,0,5.0
翁恺老师的C语言入门真的讲的很好，逻辑清晰，让人容易理解。但不知道什么原因，总感觉课程有部分进行了删减，老师说“之前我们讲过的什么什么”，但我其实没有看到这样的内容。,0,5.0
感受到程序编写过程中的结构之美！,0,5.0
声音真好听，老师真好。,0,5.0
haohao,0,5.0
可以撒旦发个和,0,5.0
老师真的讲的很好，可以看出老师是有着对计算机发自内心的热爱的，真的很打动我，老师真的很棒，很可爱 啊哈哈哈哈哈 老师有时候课上的一个小笑声，很触动我，我也跟着笑了 哈哈哈哈 老师讲的课体验感真的很好,0,5.0
该有的知识点老师全部会讲，很多小白很难搞懂C在计算机上运行的原理，C的编译器选择，C的发展历史导致的如今的一些历史产物，这些老师全都讲到了，而且会用实际运用和一些精心设计的角度来加深学生对C的理解 是一门非常不错的课程,0,5.0
很不错的C语言课程,0,5.0
老师讲的很好，很喜欢，具有很强的吸引力,0,5.0
"好
很有启发性
",0,5.0
好好好好好,0,5.0
老师讲的非常棒,0,5.0
老师这个课上得很好，小白很容易学习,0,5.0
内容涵盖很好，组织上有部分不连贯，可能是因为分批录制的原因。,0,4.0
承接基础课程，直观清晰。,0,5.0
非常感谢!,0,5.0
"他讲的好哇！
",0,4.0
先当不错，支持,0,5.0
作为已经工作前来学习的人来点个赞。这门课本身不算难，翁老师很多地方的语言也比较简略，然而却经常能寥寥数语点破工程上（不是理论上）的痛点。很多时候代码能力的差异并不是理论上不知道算法，而是在多种方案皆可时的纠结，看不到未来存在大量扩展和变动时究竟怎么样才是良好的设计起点。这很明显是有过大量工程积累的人才能形成的思维模式，也是很多学院派老师不具备的。,0,5.0
我尽量从客观的角度上来描述，首先，翁老师的课程结构性和系统性都差强人意，美中不足的是偶尔会有些跳跃性的知识点，会导致该节课听了云里雾里的如果没有从别的课了解c的基础的话。此外，进阶课程的设置明显没有基础课程用心，有一些重复累赘的成分。不过总体上来说，翁老师的课还是属于质量上乘的佳品。,0,4.0
老师讲的太棒了,0,5.0
对于学基础的同学，知识还挺全面，很好。,0,5.0
看的出来这位老师一定很受学生欢迎，讲的很好，很适合刚开始学习的人看。,0,5.0
翁老师，永远的神,0,5.0
"老师讲的很详细
",0,5.0
翁恺老师讲得非常棒！感谢老师！,0,5.0
非常有趣，上课能够保持注意不走神，学到了很多，可惜没早点看这些课。,0,5.0
翁恺永远的神。,0,5.0
贴别贴别好,0,5.0
深入浅出，醍醐灌顶，入木三分，获益匪浅，感激不尽！！！,0,5.0
好 good,0,5.0
啊啊啊威尔法,0,5.0
很好！！！！！,0,5.0
老师讲得很详细！,0,4.0
非常不错的课程,0,5.0
特别特别号 老师讲的也很好,0,5.0
翁老师讲得比较生动，很容易听懂，讲得很不错。,0,5.0
内容很好很完善，老师也很认真负责。,0,5.0
课程不错。,0,4.0
细节真的很细,0,5.0
"翁恺老师讲的不错
",0,5.0
我好喜欢老师！老师太强了！！,0,5.0
深入浅出 很不错,0,5.0
讲课通俗易懂，个别视频质量不太高，可以更换一下,0,4.0
翁老师讲的真的蛮好的。,0,4.0
讲的很好，但是要自己动手多编程才能理解,0,5.0
"受益良多，感谢翁恺老师认真的指导
",0,5.0
内容精炼，老师讲解清晰,0,5.0
非常棒！我学到了很多,0,5.0
课程讲的很好，收获很大！,0,5.0
内容丰富，细节深入，但是老师讲解得清晰易懂！！极大减少了初学C语言在学习方向和上手应用两方面的迷茫，老师超棒！！！(๑╹ヮ╹๑)ﾉ,0,5.0
感谢翁恺老师,0,5.0
老师讲的浅显易懂，生动。,0,5.0
讲的特别好,0,5.0
"感觉非常棒！学到了很多知识

",0,5.0
"良心话，想自学的直接拿走，希望不要收回权限
",0,5.0
好！！！！！！,0,5.0
C语言的入门和进阶都看完了，受益匪浅，感谢翁恺老师！！！,0,5.0
太棒了，非常好,0,5.0
讲的清晰明了,0,5.0
翁恺yyds,0,5.0
"提升认识，获取知识
",0,5.0
翁恺老师的课很好！给我的c语言学习提供了很大的助力,0,5.0
进阶课不错,0,5.0
还不错，推荐,0,5.0
翁恺老师简直就是宝藏,0,5.0
我爱翁凯！,0,5.0
从C语言入门过来的，前一门课讲得比较详细，各种知识点都提到了。本门课只有概念没有实际用法，可能是希望学生自主学习，总的来说还是希望老师可以在每一个章节内加入一些例题，更方便理解。,0,5.0
真是超赞的,0,5.0
"good！
",0,5.0
sssssss,0,5.0
很好@。@！,0,5.0
很有启发，老师讲得很好,0,5.0
.......,0,5.0
很棒，很容易理解,0,5.0
"老师很优秀
",0,5.0
哇！超出预期了,0,5.0
C语言收货很大 感谢老师！！！,0,5.0
挺好的，很有意思,0,4.0
好，我认为自己,0,5.0
非常不错！,0,5.0
很好的课，可以补充很多学校老师没讲到的细节,0,5.0
"很好非常不错
",0,5.0
老师讲的很好,0,5.0
讲的十分通俗易懂，很容易理解。,0,5.0
讲的很好啊,0,5.0
老师讲的特别好！,0,5.0
非常的棒啊,0,5.0
"非常好,老师讲得非常好",0,5.0
无话说，恺哥yyds,0,5.0
"很好的课程
",0,5.0
翁老师强悍,0,5.0
课后作业为什么没有答案，我不知道怎么写都不知道怎么办,0,1.0
"讲解很详细
内容很充实",0,5.0
太对了哥！,0,5.0
好，很大的收获,0,5.0
生动有趣，内容丰富，很简单的就把专业知识学会了,0,5.0
很棒，收获很多!,0,5.0
真的讲很好，本身科班出身，听完以后真的有很大收获,0,5.0
"翁凯老师yyds

",0,5.0
老师教的非常好！评论区也很和谐友好，大家都很热心地帮助解决问题。,0,5.0
遇到一些问题解决不了，希望老师能对我指导一下,0,5.0
老师讲的挺好，有些东西需要自己通过实战去理解和记住，这课不错！,0,5.0
翁老师很赞,0,5.0
老师讲得太好了,0,5.0
very good！！！,0,5.0
感觉学习到了很多知识,0,5.0
求翁爸爸推出更多课程！,0,5.0
详细清晰易懂,0,5.0
翁恺授课深入浅出，收货颇丰；,0,5.0
学到了很多课本外的拓展知识，备课很充分。,0,5.0
让我对计算机编程是如何实现的有了更高的认识,0,5.0
翁恺老师的课很好！,0,5.0
溫愷老師講課很有條理。,0,5.0
在C语言上面收获极大,0,5.0
111111,0,5.0
牛逼讲得真好,0,5.0
对C语言的理解更透彻了,0,5.0
"老师好棒，课程由浅入深，非常NICE！
",0,5.0
老师讲得生动，而已很多扩展的知识点，棒！,0,5.0
课程内容丰富，授课方式灵活多样，学习资料齐全，方式多样，有讨论，有作业，有测验，有视频，有文档，学习后收获颇丰。,0,5.0
谢谢老师栽培，感觉学到了很多,0,5.0
课程让我学到了很多,0,5.0
哈哈哈哈哈哈哈哈,0,5.0
零基础的学生，跟着老师的课程走，竟然看懂了，太棒了,0,5.0
"非常实用，对我的帮助巨大
",0,5.0
老师讲的好,0,5.0
很好 谢谢老师已经学废了,0,5.0
好好好好好,0,5.0
非常好的的,0,5.0
啥都不用说 看到翁恺老师看就对了,0,5.0
翁恺老师一直可以的 非常清楚 翁恺老师yyds,0,5.0
ACLlib可以单独出一个教程视频吗谢谢老师,0,5.0
我的神，天软我来了,0,5.0
good！,0,5.0
很好，特别好,0,5.0
老师讲的课非常好，通俗易懂,0,5.0
老师讲的很好的,0,5.0
翁恺YYDS！！！！！,0,5.0
满满的干货，通俗易懂,0,5.0
好讲的舒适牛逼,0,5.0
全中国最好的C语言教程，老师的剪刀手太可爱了吧，拯救了我的计算机,0,5.0
感谢MOOC平台，感谢翁恺老师！！！,0,5.0
感觉进阶课程质量不如入门课程了，但还是挺好的,0,4.0
老师讲的非常清晰有条理，而且会提到很多容易发生的错误，并给出讲解，希望以后多多开课～～,0,5.0
非常喜欢，非常满意,0,5.0
"#include <studio.h>
int main（）
｛
    printf（＂niubi＂）;
    return 0;
｝",0,5.0
非常非常棒！,0,5.0
"学习编程要亲自动手去编译运行，只看不动手是学不会编程的，纸上得来终觉浅，绝知此事要躬行。
",0,5.0
老师课讲得很清楚,0,5.0
翁凯教授太帅了！,0,5.0
perfect,0,5.0
老师教的很好,0,5.0
翁恺牛皮啊,0,5.0
.......,0,5.0
讲课内容详细，上课不只是讲知识，更多的是在传递经验。永远的神！谢谢老师！,0,5.0
难......,0,5.0
saaddaadfd,0,5.0
感觉有些章节少了许多,0,5.0
翁恺老师讲课通俗幽默，思路清晰，学习了翁老师的c语言入门和进阶进阶的课程，学完期末90 不成问题，重要的是，这门课程让我感受到了c语言的美~,0,5.0
"讲的雀食好
用来复习还是能学到很多知识。
",0,4.0
想去浙大听翁恺老师的课。,0,5.0
我觉得进阶部分没有入门部分讲的好了，入门部分会有很多实例来熟悉语法，套路等等，进阶部分将理论讲完之后没有例子来让人理解，所以学得一头雾水,0,4.0
课程深入浅出，让没有基础的我也可以跟着老师学习,0,5.0
"直白易懂，深刻而实用
",0,5.0
"讲解细致易懂，非常奈斯
",0,5.0
翁恺老师上课很风趣，讲课的内容安排也是循序渐进的，上完课真的收获很多,0,5.0
老师教的很好,0,5.0
翁恺老师讲得好,0,5.0
老师教得很简洁易懂,0,5.0
授课重点突出，节奏紧凑，受益匪浅,0,5.0
"收获丰富，学到了许多上课没学过的东西
",0,4.0
老师讲得很好,0,5.0
翁老师讲的通俗易懂，推荐入门的学生认真看看。,0,4.0
好！！！！！！,0,5.0
超棒的，懂了很多,0,5.0
老师讲的很好，我感觉就是缺点对应的练习题,0,5.0
"非常喜欢这样的教学方式，一步一步思考最终学会
",0,5.0
"老师讲的很清晰 通俗易懂
",0,5.0
讲的很清晰啊，比自己看书好多了,0,5.0
讲的太棒了,0,5.0
好.....,0,5.0
老师讲的很好，容易理解，通过实例分析而不是枯燥讲解，举例具体详尽,0,5.0
老师讲得很仔细,0,5.0
课程很进阶,0,5.0
妙啊妙啊妙啊,0,5.0
asdfghjkl,0,5.0
"很有意思，讲的也很系统，我一个计算机小白都能看懂
",0,5.0
这门课程让我受益匪浅，真的很不错的一门课！,0,4.0
翁恺老师太赞了，老师讲课生动形象，易于接受，好！！！,0,5.0
感觉非常好,0,5.0
哇！超出预期了,0,5.0
老师讲得实在是太棒了！,0,5.0
学会了额外的技能,0,5.0
还玩呢尽快我,0,5.0
讲得不错喔,0,5.0
翁老师讲的非常好，语言生动，简洁易懂，我是再学习强国上先学习了一部分，然后转到mooc来学习的。感觉非常棒，后续还要加强练习。,0,5.0
最好的C语言课程，希望老师早点推出c  和数据结构课程,0,5.0
真的是，通俗易懂,0,5.0
将复杂的知识用简单的框架讲出、将生晦的代码用形象的绘图表示，确实是对初学者不为很好的选择,0,5.0
haod额,0,5.0
对c语言的了解加深,0,5.0
非常感谢老师,0,5.0
"我感觉很棒
",0,5.0
老师特别棒,0,5.0
讲的很不错,0,5.0
低价出猴博士全套加q3097597241,0,5.0
整个课程课中有讨论，让我去独立思考，思考后还能借鉴同学们的想法，获得双倍经验值。课后练习，尝试去编程，去验证自己的想法。这个课超值。,0,5.0
神仙老师啊啊啊，数学看矿爷，计算机看恺哥啊。,0,5.0
有的时候讲的内容对初学者不是很友好，需要一定基础,0,5.0
翁恺老师真的棒，如果他是博导，希望能读他的博士,0,5.0
"以前自学过C语言，如何现在在大学mooc再学一次C语言，感觉很不错
",0,5.0
nice！！！,0,5.0
非常好的课程,0,5.0
"真不错真不错，老师讲的真不错
",0,5.0
很不错，课程很清晰,0,5.0
老师真棒，简单易懂！！！！！！！！！,0,5.0
"课程学习起来很棒
",0,5.0
课讲的真的很好，虽然这课重复了太多次一点没变哈哈,0,5.0
很清晰很全面,0,5.0
很好的课程，尤其指针的课件，让我进一步了解了指针的使用,0,5.0
非常棒，希望上岸在学校见您,0,5.0
翁恺老师yyds,0,5.0
c语言课程我看过很多，我觉得这个课程很好,0,5.0
老师讲课很清晰，前来提升一下自己,0,5.0
11111111111,0,5.0
内容质量很高，循序渐进，逐步深入，是一套优秀的C语言教程。,0,5.0
棒啊啊啊啊,0,5.0
好老师，欢迎来珠海串门,0,5.0
翁老师的讲课很棒,0,5.0
收获满满啊,0,5.0
讲解非常清晰,0,5.0
"真不错哈哈
",0,4.0
细致认真清晰,0,5.0
超级好，超级棒的一门课,0,5.0
good！,0,5.0
这个相对好，对于我这种新手来说简直太棒了，最大的问题可能是需要自己对所有知识点进行总结,0,5.0
作为一个真真正正的小白，我听下来觉得翁老师真的讲的很好，逻辑极其清晰，而且能切身处地的考虑到新手的困惑，及时提醒,0,5.0
我上学那会儿，没有计算机C语课程。现在学起来很吃力，但是我尽量学懂。,0,2.0
还可以hh,0,4.0
"讲课很好，老师超棒！ 
还想问下这门课有配套的教材推荐吗？",0,5.0
特别特别棒,0,5.0
对思维有一定的启发,0,5.0
"课程内容通俗易懂,很容易吸收",0,5.0
"非常非常好
",0,5.0
好好好好好,0,5.0
很nice 啊,0,5.0
讲得真的很好,0,5.0
老师讲得太棒了！,0,5.0
讲课逻辑很清晰，非常好,0,5.0
很好，老师讲的深入浅出,0,5.0
真的好，但是更需要自学,0,5.0
讲的深入浅出，很好。,0,5.0
好好好好好,0,5.0
"老师讲的很好

",0,5.0
受益匪浅.,0,5.0
非常的好好好,0,5.0
好课程，推荐,0,5.0
"讲的非常好
",0,5.0
老师讲的很仔细 学到了很多东西,0,5.0
最喜欢的一门课程，开启了C语言的大门，老师讲的非常好，很多地方都有自己独到的理解，每次看都有不同的收获，而且这种面对面聊天一样的授课方式，听起来非常舒服。,0,5.0
翁老师的课讲的还是不错的，但是感觉不够啊,0,3.0
可以学到很多东西,0,4.0
不错， 很规范,0,5.0
把复杂的东西讲的很明白，很不错！,0,5.0
我十分满意,0,5.0
很好的课程,0,5.0
老师上课讲解的内容很详细，我也学到了很多课外的知识，推荐！,0,4.0
很好，内容很棒,0,5.0
不错非常好,0,5.0
效果非常好,0,5.0
自己看视频就可以慢慢学会,0,5.0
"非常不错,给我的指针和链表很大的提高",0,5.0
老师讲的很清晰，把我之前迷惑的地方和容易混淆的知识点都说清楚了，真好！谢谢老师们！,0,5.0
非常赞！翁恺老师讲得深入浅出，初学者极佳课程，极为推荐！,0,5.0
课程教会了基础的交互图形页面，但是练习题目太少，前几周的测验截至日期过早。,0,5.0
真是非常棒,0,5.0
学到了很多以前没有了解到的知识，特别是函数指针那部分,0,4.0
老师，讲的非常好。好的大学，没有围墙,0,5.0
很详细，对自己帮助蛮大的,0,5.0
"非常喜欢 很好
",0,5.0
课程很棒，老师讲的很好,0,5.0
好。。。。。,0,5.0
教学方式优秀，老师语言标准。,0,5.0
"老师讲的非常好
",0,5.0
hhhhh,0,5.0
用处很大，有帮助,0,5.0
上过C语言设计了，一直都很好,0,5.0
henhao,0,5.0
课程让我对C语言有了更深的了解,0,5.0
非常非常非常好,0,5.0
内容丰富，讲述详细。,0,5.0
实践与讲解结合，舒畅 清晰,0,5.0
课程真的很好,0,5.0
多看几遍  收获不同,0,5.0
翁恺老师真的超级棒！,0,5.0
老师讲课思路清晰，考虑问题周到。赞！,0,5.0
超级nice,0,5.0
"特别有用，谢谢老师
",0,5.0
老师讲的很好,0,5.0
"奥利给！我要拿到证书！我要拿到证书！我要拿到证书！
重要的事情说三遍

",0,5.0
老师讲得非常好，值得推荐！,0,5.0
用心学还是能学到很多收获的，继续坚持！谢谢老师教研团队的付出！,0,5.0
课程比较老了，只是不太全,0,3.0
讲的很好。,0,5.0
"真不错哈哈哈哈

",0,5.0
好好好好好好,0,5.0
赞赞赞赞赞,0,5.0
老师，我才刚来，结束的考核可以多给点时间吗？,0,5.0
学得有的懵,0,2.0
老师讲解较透彻。,0,4.0
老师讲解较透彻。,0,4.0
老师讲解较透彻。,0,4.0
老师讲解较透彻。,0,4.0
老师讲解较透彻。,0,4.0
好好好好啊,0,5.0
我是自学然后看到这课程，进来试了一下，完全不是我能接触到的，不过我还是努力下来，因为做出来后的成就感真的很有收获,0,5.0
对我学习C语言有很大帮助，见识到了很多很多东西。,0,5.0
课程条理清晰，例子简单形象，复习来看又多了一些思考。,0,5.0
"       老师讲课很认真，也有将重点讲好，很棒。
       开始我在书上看指针这一节的时候，有很多的地方都不懂，但是通过老师讲解之后我懂了很多，虽然不是完全懂了，但是比原来好多了；数据结构这一章，我也是受益良多，而且这个可以无限次观看，有不懂的还可以再多看几遍，对我的帮助很大，很感谢老师的讲解。
        就是全屏的时候有些模糊，可能是我电脑的问题吧，希望录制视频的时候能够再清晰一点。",0,5.0
老师讲解得很好，很喜欢这门课程,0,5.0
"很好，i了i了
",0,5.0
内容足够精细,0,5.0
233222,0,5.0
"画面不太清晰,但是讲的相当好!",0,3.0
"感觉很不错
",0,5.0
给予我很大的帮助,0,5.0
很好很细致,0,5.0
讲的太好了,0,5.0
谢谢老师。,0,5.0
依然很好，不过在章节编排上是不是可以做点调整，ACLLib可以放在图形设计前面，程序结构放在前面一点，感觉有点乱,0,4.0
太强了老师,0,5.0
老师讲课讲的太好了吧,0,5.0
还挺强的。,0,5.0
这门课说实话我是跟着授课老师的进度学的，当有一些不清楚时，会来看看翁凯老师的mooc，来搞懂不清楚的东西，当然这门课还有很多拓展的东西，我准备寒假看看，总之，挺好的一门课了，不知道c  有无,0,5.0
老师真的好厉害，讲的真的好清楚,0,5.0
好好好好好好好,0,5.0
哇！超出预期了,0,5.0
"讲得好仔细, 我没有系统学习c语言, 指针一点不会用, 听完也大概知道怎么回事, 熟练掌握和使用还需要多看多学多写",0,5.0
又来嫖浙大的课了，上次是矿爷的。,0,5.0
"挺好的，在学习！
",0,4.0
从基础到进阶，追随翁教授已大半年了！,0,5.0
老师讲的很清晰易懂，作业也有针对性联系,0,5.0
棒棒棒棒棒,0,5.0
好，真的很不错,0,5.0
niubihonghong,0,5.0
简洁，特别适合自学,0,5.0
课程很容易懂，特别是上课老师亲手写代码让人更容易理解,0,5.0
非常好，无意间发现的课程，感谢老师，本人大学是不好的二本，编程老师啥也没教，在这里自学的，真的很好，感谢，,0,5.0
"确实有一些东西是书上没有的东西
",0,5.0
留存一下有空在学,0,4.0
我来了翁老师,0,5.0
wk大法好！！,0,5.0
"翁凯老师的课，5颗星星是无法评价的。
切合实际，不拘泥于教程，切合实际，质量绝对上乘！",0,5.0
非常非常好,0,5.0
翁老师讲得很好啊 谢谢,0,5.0
非常喜欢这门课,0,5.0
这个课程不错,0,5.0
内容充实丰富，老师讲解详尽,0,5.0
好！！！！,0,5.0
"课程很好，受益良多
",0,5.0
老师的声音好好听，讲的又好,0,5.0
111113万,0,5.0
111111,0,5.0
"棒棒棒棒棒
",0,5.0
老师讲的非常好，通俗易懂，举例是自己手打的，可以。,0,5.0
"老师讲的很详细，也很生动，容易理解
",0,5.0
真不错，感觉很有用,0,5.0
很好啊啊啊啊 ,0,5.0
老师讲得真的很好，很有启发,0,5.0
讲的真是好呀。,0,5.0
"太爱翁恺老师了！
",0,5.0
哈哈哈哈哈,0,5.0
和书籍配合一起学习很能体现老师的博学。,0,5.0
0.0.0.0.0.0,0,5.0
爱了爱了呀,0,5.0
"好太好啦啦啦

",0,5.0
翁恺老师的课一直都很不错，但是就是有时候会莫名其妙的跳转到另一个地方，或者有时候一句话还没说完就开始讲其他地方了，应该是视频剪辑的问题，希望可以处理一下，但是瑕不掩瑜！,0,5.0
wengkai nice!,0,5.0
老师讲的很好,0,5.0
讲解细致入微,0,5.0
不错~~~~~,0,5.0
大爱翁恺老师,0,5.0
学习使我快乐，一直学习一直快乐！！,0,5.0
"最喜欢的老师
",0,5.0
很好很贴心,0,5.0
"逻辑清晰，非常好
",0,5.0
111111,0,5.0
"我又找来了。
进阶课，嘿嘿嘿。。",0,5.0
很棒一直在看,0,5.0
"翁恺老师好帅
",0,5.0
很好的课程,0,5.0
太棒了讲的很明白,0,4.0
收藏了慢慢学习,0,5.0
翁老师讲的很好，很多细节都会提到，让我也注意到了很多平时不会注意的问题。,0,5.0
"#include<iostream>
#include<string>
using namespace std;
void main(void){
string a='非常非常好!';
cout<<a;
return 0;
}",0,5.0
好好好好好好好,0,5.0
老师讲的很棒，希望多讲一下同类课程,0,5.0
好好好非常好,0,5.0
老师讲的很好，受益匪浅,0,5.0
对C语言有了很深的认识,0,5.0
课程设置的还不错，但希望C语言进阶部分的课件能及时更新，一直用10几年前的课件实在是影响学习,0,5.0
老师讲的非常好，如果早点儿碰到就更好了,0,4.0
翁恺老师很棒，但视频排序有点混乱,0,4.0
jiangdehenhao,0,5.0
老师讲的很好,0,5.0
感jio还可以,0,5.0
喜欢翁恺老师的课，很满意,0,5.0
讲的很好呦，而且老师声音好有磁性啊，好好听,0,5.0
很好的老师，讲解由浅入深,0,5.0
可以说是全网最好的C语言入门教程之一了,0,5.0
"老师讲的非常好  能学到很多
",0,5.0
考核方式有问题,0,1.0
翁老师的课太棒了,0,5.0
课程安排很合理，讲解的要点都很到位，翁老师挺好的,0,4.0
学有所感，学有所获,0,5.0
太喜欢翁老师了，以前最害怕程序设计了，但自从学了这门课后收获很多，对编程的恐惧感也消除了。老师以后一定要多出一些课呀。我打算全部都看,0,5.0
很好，不同于一般的网课，收获了很多,0,5.0
very nice,0,5.0
讲的挺好！,0,5.0
讲得很好，特别好,0,5.0
good。。。,0,5.0
翁老师讲解得很好，我学习到了很多，非常感谢,0,5.0
很好，很有用,0,5.0
非常好，翁恺老师良师益友,0,5.0
在翁老师课上，概念的讲解非常清晰 ，而且对具体的实例分析也讲解的非常到位，填补了学生在C语言知识上的缺漏，非常感谢翁老师的课程 。学生还会回来再看的 ,0,5.0
深入浅出，娓娓道来。详略得当，简明扼要。,0,5.0
学习很有收获，谢谢老师的讲解。,0,5.0
11111,0,4.0
收获颇多，老师教的很好,0,5.0
"非常好！强烈推荐
",0,5.0
111111111,0,5.0
老师讲解的非常非常的好，要点提炼得非常非常到位，话不多说，12个大大的赞走起！,0,5.0
非常非常喜欢,0,5.0
好想再听老师新开设的课程,0,5.0
以前不曾了解的部分，老师讲得清楚易懂，比如指针中的地址与变量值。,0,5.0
讲的很好，需要慢慢消化,0,5.0
特别特别好,0,5.0
"老师讲的很好
",0,5.0
感觉非常好,0,5.0
深入浅出，浅显易懂。最好的C语言入门课程,0,5.0
我觉得老师讲的有详有略，简直就是授人以渔,0,5.0
要反复琢磨,0,5.0
牛逼nbnb,0,5.0
"很不错，学到了很多
",0,5.0
"很好。学到了很多
",0,5.0
"11
1111
",0,5.0
这门课，启发式教学，递进式提问，让学习者步步提升，不错！,0,4.0
66666,0,5.0
课程安排合理，老师教学质量高,0,4.0
确实很好哦,0,5.0
感觉收获很多,0,5.0
让我对c语言的学习更顺利了,0,5.0
讲的很生动 很经典,0,5.0
老师的课还是挺好的,0,5.0
666666,0,5.0
感觉可以学到很多有关C语言的知识，老师讲的很好，对我学习帮助很大,0,5.0
讲得很详细,0,5.0
谢谢老师制作这么好的课,0,5.0
"非常棒的课程
",0,5.0
学不清楚 有些问题难以解决,0,4.0
好，很好，，，,0,5.0
能学习到很多知识，课程很丰富,0,5.0
挺好的。老师讲得很细致,0,5.0
翁恺老师，我的男神,0,5.0
冲冲冲冲冲冲 ,0,5.0
老师讲的很仔细，也很容易理解。,0,5.0
"
.....
",0,5.0
感谢老师的课程,0,5.0
good ！,0,4.0
很不错，很棒,0,5.0
特别好学到了好多东西,0,5.0
很棒棒的哦,0,5.0
讲课方式很好,0,5.0
各方面讲解都很细致,0,5.0
"上课思路清晰，逻辑严密，课程安排由易到难，非常适合c语言入门，感谢翁恺老师
",0,5.0
讲解细腻，练习配套，棒！,0,4.0
每天打卡30分钟，希望可以继续坚持下去,0,4.0
看完前一节，就不能回看了？,0,1.0
老师讲的很细，而且可以反复看，超级好,0,5.0
66666,0,5.0
就是有点听不懂,0,2.0
真的收获颇多 ~！而且这是2014年录制的课程，我现在2020年才学，大学到底学了啥~,0,5.0
很涨知识，很棒,0,5.0
棒棒棒！！！,0,5.0
"printf(""Amazing Course!\n"");",0,5.0
上课效果很好！,0,5.0
深入学习很好。,0,5.0
讲得很不错,0,5.0
FEICHANGDEBANG,0,5.0
老师讲的很棒！,0,5.0
讲的非常详细，翁凯老师是我在MOOC上面见过的最负责任的老师了，每一节课都是精心准备过的，看的非常有条理非常舒服。,0,5.0
老师，要学透这门课是不是还要装linux系统？,0,4.0
很喜欢这个老师授课   ,0,5.0
讲解的很到位,0,4.0
虽然我不是浙大的学生，但是我听了、看了翁老师的课确实受益匪浅,0,5.0
好好很棒很有收获,0,5.0
学到的内容足够我受益终生,0,1.0
飞速发展诗歌风格粗略奴家和,0,5.0
"优秀，但习题可以在多一点
",0,1.0
生动形象，寓乐于学。,0,5.0
翁老师的课真棒！,0,5.0
课程循序渐进，非常棒,0,5.0
很棒~NICE,0,5.0
非常非常棒,0,5.0
老师讲解很全面,0,5.0
真的学到很多，以前的疑惑解开了,0,5.0
"老师讲的很详细  很有帮助
",0,5.0
"老师讲得好好啊，能听懂，循序渐进，也挺深入的，但是到代码那一块就有点点懵逼了







",0,5.0
老师讲的很好,0,5.0
温故而知新！翁老师讲的是真的好，感谢翁老师,0,5.0
"我觉得还好吧
",0,5.0
真的很不错,0,5.0
非常棒，老师讲的特别的精髓,0,5.0
一个非常棒的C语言进阶课程,0,5.0
讲的挺好，新手一遍听不懂建议多听几遍,0,5.0
"非常不错，老师敢讲敢说，开课八次了都，说明真的经典
",0,5.0
"实在是超级棒的课程
",0,5.0
好课程，太值得学了,0,5.0
能和翁老师学习的更多,0,5.0
fighting,0,5.0
"可以非常好
",0,5.0
课程很棒呀,0,5.0
真的很有用,0,5.0
老师讲的不错！,0,5.0
翁恺老师讲的很详细,0,5.0
相当牛逼，希望出一套计算机核心课程系列，帮助非科班同学转行,0,5.0
老师讲的很好！,0,5.0
"。。。。。
",0,5.0
课程新颖，内容新颖,0,5.0
"赞，翁恺老师出品，必属精品
",0,5.0
翁恺老师讲得特别好啊，想当他的学生哈哈哈,0,5.0
翁老师讲的特别好，之前在学校C语言课上薄弱的知识点，在本次课的学习中得到了加强。,0,5.0
老师讲课很清晰仔细 就是感觉没有入门课程时那么多的题演示给我们看了,0,4.0
无敌棒呀这是,0,5.0
值得推荐的课程！,0,5.0
以前特别不喜欢写程序，上翁老师的课就没有那摩排斥了,0,5.0
"翁恺老师还需要评价吗？
",0,5.0
我很喜欢这门课,0,5.0
感觉讲的很好的,0,5.0
受益匪浅，继续加油！,0,5.0
这门课不错！,0,5.0
dfhgdf ,0,5.0
翁恺等我！！！！！！！男神等我！！！！！,0,5.0
翁老师的课简直太棒了！！！！！！！！！！！！,0,5.0
很不错的！,0,5.0
受益匪浅。,0,5.0
很棒，学到了很多，老师讲的很好,0,5.0
讲的很细，同时也会在原有的基础上进行拓展举例，时间还不是很长，让人很容易理解,0,4.0
看了老师的C语言入门课程来的，老师讲的很棒,0,5.0
"1.要是老师或者助教能多和学员及时沟通就好了。
2.查找自己的讨论区留言似乎不大方便，怎么快速浏览？",0,5.0
重点突出，老师讲课风格简洁帅气！,0,5.0
内容深入浅出，老师讲的很彻底，每节课的时间分布合理，很棒的课！,0,5.0
老师很好。,0,5.0
老师讲课风格非常舒服，内容简单易懂,0,5.0
要开课啦，我是看你课入门的，继续跟了，我是你的粉丝,0,5.0
可以啊啊啊啊,0,5.0
老师讲课循循善诱，很容易理解,0,5.0
非常清晰明了,0,5.0
老师讲的很有趣,0,5.0
老师好皮呀！哈哈哈,0,5.0
很不错，讲解很仔细,0,5.0
我对编程特别有兴趣，我买过《C语言从入门到精通》也去淘宝买过 学习视频，但是感觉都不连贯，看不懂，搞一头雾水。但看了翁恺老师的视频，理解了很多，懂了很多。我喜欢翁恺老师的视频。感觉十颗星都不算多。感谢翁恺，感谢这个平台。,0,5.0
"课程是挺不错的， 但是进阶的内容最好要有一定的基础，夸一下老师吧
",0,4.0
老师讲的很不错     挺喜欢老师的,0,5.0
很棒~~~~,0,5.0
老师授课风趣幽默，讲解得很好。,0,5.0
"课程很详细，而且能丰富我的知识库
",0,4.0
翁恺老师讲的很好，期待翁恺老师的数据结构,0,5.0
听完CAP的也可以来听听这个，有一些新东西，不听的话也可以，毕竟很少有人会把C当作主力语言，以后要么C  ，要么Java、C#，最后，吾师牛逼！！！感谢老师在MOOC平台上做出的贡献，好的大学没有围墙！,0,5.0
提前学效果不错,0,5.0
very Nice,0,5.0
这门课程的翁恺老师是我编程乃至于计算机方面知识的引路人,0,5.0
"好滴很 完美
",0,5.0
谢谢翁老师,0,5.0
"学习到了很多,真的很棒",0,5.0
很喜欢，谢谢老师,0,5.0
很棒字数补丁,0,5.0
翁恺老师的课是我在慕课中听到的最好的，超级喜欢,0,5.0
课程教的很详细 很喜欢翁恺老师的课,0,5.0
"翁恺老师讲得很详细很有感情，收获很大！
",0,5.0
超级棒，深入浅出的分析,0,5.0
很喜欢老师和老师的授课方式,0,5.0
很好！感谢！,0,5.0
老师很厉害，拓展了关于算法部分的内容，这一部分学习难度比较大，需要用心学习。,0,5.0
翁老师我男神,0,5.0
翁凯老师讲授的很好,0,5.0
very good,0,5.0
老师讲的非常透彻，收获很大,0,5.0
更加深入的学习了一点C语言，老师讲的超级好，最喜欢老师的Y ^_^ Y,0,5.0
翁恺老师得课讲得太好了，就是不涉及算法知识，希望以后可以看到翁恺老师算法视频,0,5.0
仔细，有趣,0,5.0
感谢翁老师，讲得很好，通俗易懂，而且幽默风趣。,0,5.0
讲课的腔调很好听,0,5.0
"挺好的哇！
",0,5.0
老师真厉害,0,5.0
课程很基础，老师讲的特别好,0,5.0
讲的非常好,0,5.0
太棒了吧哈哈哈,0,5.0
很好，都是以前的易错点,0,5.0
讲的很详细，还有易错点,0,5.0
本来只想默默的看看网课  也没准备评价 （虽然很棒）但当我看到翁凯老师因为音频质量差（其实并不差）而让我们多多包涵时 我就感慨 我真的要好好学习 我也要成为老师这样的人  我真的 真的喜欢 大爱翁凯老师 我们学校一直都是翁凯老师 希望更多的人受益 加油加油,0,5.0
简单易懂，轻松学习,0,5.0
之前申请的C语言的证书，怎么没收到纸质的？,0,5.0
老师讲得一如既往地好，推荐,0,5.0
老师很棒，讲得很好，很容易理解,0,5.0
老师讲的很好,0,5.0
"Very good！
",0,5.0
老师讲得贼好，会轻松学到该学的知识,0,5.0
非常非常实用,0,5.0
老师讲的很好，会精炼的讲知识点特殊的地方点出来，非常棒,0,5.0
名誉浙大学生^_^,0,5.0
真的超级喜欢，每次做出了自己的程序都很有成就感,0,5.0
哈哈哈哈哈哈,0,5.0
"评价：WOW，awesome，太棒了吧！
体会：老师太强了，课程很棒。
",0,5.0
"老师讲的详细生动，而且自己认真讲解，根本没有读ppt
",0,5.0
很多课讲的比自己的大学老师好（身处一所985）。但是测评环节总是由于时间问题我没有做。（也是自己懒 觉得没有必要，学校已经有考试了）,0,5.0
我计算机能够入门，感谢翁凯老师的C语言课程,0,5.0
翁恺老师的知识、经验储量真的可以！,0,5.0
讲课有条理，易懂,0,5.0
感觉觉很棒，老师讲的很受用,0,4.0
适合新手学习，但很多内容还是需要了解一些基础才能懂的,0,5.0
"非常棒的老师,
非常棒的PTA.
全部独立完成, 收获就会巨大!",0,5.0
"很好，要是有更多时间把那些因为时间原因没有的加上就完美了
",0,4.0
为翁凯老师打call~,0,5.0
内容十分丰富。,0,5.0
666666,0,5.0
老师讲得真的好，很幽默。很好的C语言入坑课程。,0,5.0
"思路讲得很清晰
",0,5.0
挺好的软件,0,4.0
老师教得非常好,0,5.0
嗯嗯嗯嗯嗯,0,5.0
讲课方式挺好,0,5.0
学到了不少东西！,0,5.0
由衷的感激,0,5.0
"老师教的很好
提一点建议
在课程之初 让学生建立一个学习目标 
比如在完成当前课程并经过练习熟练掌握知识点后可以独立制作一个小游戏
要达成目标做出这个小游戏需要几块拼图 分别是abcd 然后分散在当前课程列表里
这样让学习能够更加有的放矢",0,5.0
学到了很多之前忽视掉的细节知识,0,5.0
老师讲课非常棒！,0,5.0
老师能够结合实例进行讲解，并且一步步耐心演示，并且指出了同学们易犯错的点。,0,5.0
"翁老师救我一学期C语言！
",0,5.0
很不错 我很喜欢翁恺老师的讲课风格,0,5.0
很好的课程，可惜没有配套的书籍。,0,5.0
课程讲解特别好，特殊是指针、字符串、文件这些章节，重点都很突出。唯一的不足就是结构、可变数组和链表这两个重要的模块讲解节奏有点快，还有就是章节有点乱，有些后面章节的内容前面直接用了,0,4.0
BANGBANGBANG,0,5.0
做一个终生学习者,0,5.0
课程非常好，谢谢老师带领入门C语言世界,0,5.0
很好，知识讲解清晰。,0,5.0
很nice的一门课，从零基础开始没有压力,0,5.0
很nice,0,5.0
内容精炼，受益良多,0,5.0
挺棒的课程,0,5.0
谈话式的教学比黑板教学好很多，就是内容有点短和无序而扣1星,0,4.0
hao好极了呀,0,5.0
太棒了！！！非常棒！！！！,0,5.0
太有用了，特别清晰,0,5.0
有些不是很懂,0,4.0
"非常喜欢听课
",0,5.0
学习起来挺简单的，到后来指针开始难啦，唯一一个缺点，视频的排序太乱啦,0,5.0
老师教的特别好，无所挑剔,0,5.0
"翁恺老师的C语言课真的非常好，从入门到进阶，把C语言的繁杂的知识讲的很透彻，所讲的内容都是我在实际工作中碰到的，同时，也很注重培养学习者更多的思考能力。
尤其翁恺老师讲课侃侃而谈，听他讲课，没有感觉到枯燥。
感觉整个课程设计的很合理，无可挑剔。个人期望，可以多一些讨论点，或者把讨论开放，让更多的同学们相互学习和交流。
",0,5.0
"#include <stdio.h>
int main()
{    
     printf(""真的好棒的老师！”）；
     return 0;
}",0,5.0
老师讲的很好,0,5.0
超出了我的预期效果,0,5.0
谢谢乐真好,0,5.0
老师太可爱,0,4.0
"老师说得很好，通俗易懂
",0,5.0
老师讲的挺好的,0,5.0
讲的非常好！对于我这个初学者也能听懂！,0,5.0
课程讲的很到位，很细,0,5.0
课程安排的模块很易于接受，老师将知识点抽象成模型有助于理解，但是对于我这种非计算机专业领域的学生来说，听起来节奏有点快，有时候需要反复听，反复看代码才能听懂,0,5.0
翁恺老师讲的很好，收获很大！,0,5.0
授课十分清晰，,0,5.0
"希望越来越好
",0,4.0
老师讲解清晰，风趣幽默，声音迷人,0,5.0
我从这门课程中学到了很多,0,5.0
翁恺我男神,0,5.0
翁老师要不要来一门能够讲三年的课，觉得现在的课讲入门的多，深入的少。。。不深度学习，觉得对于实践的用处不大。或者学完这一门，还有推荐的下一门么？,0,5.0
男神老师强强强,0,5.0
果然名校的老师就是不一样啊，讲的很好的,0,5.0
讲得很清晰，没有强塞知视点，而是将知视点的基础入手一步一步往下，讲解得非常通俗易懂，好评,0,5.0
这门课程很好，老师讲解很细致,0,5.0
学到了我想学的东西，比较推荐。,0,5.0
课程很棒，真的非常感谢老师的付出,0,5.0
"gooood,后期要是提供标准答案就好了",0,4.0
"翁恺老师,天下第一",0,5.0
实在是太棒啦,0,5.0
挺好的，通俗易懂，老师还挺幽默。赞,0,5.0
老师讲了不错,0,5.0
我这五星不能不给，谁有意见吗？,0,5.0
翁恺老师讲的太好了，跟传统课堂讲解C语言很不一样，更贴近于实用而不是为了应试的需要，你可以了解一种用法的来龙去脉，整个学习过程让我受益良多。提点建议哈，翁老师的课件可否做的更丰富一点啊，除了看老师授课，也希望能够多看看课件学习。,0,5.0
暂时不知道，感觉挺好的。,0,5.0
很细致，很全面,0,4.0
课程好评，我脑子8行,0,4.0
我非常喜欢翁老师的授课风格，C语言讲的666,0,5.0
非常完美啊,0,5.0
课程讲解非常好，略微有些跳跃，理解起来略有吃力，需要多看几次才能吸收。,0,5.0
666666,0,5.0
"我很喜欢老师的讲课方式，基本上都是干货
",0,5.0
有一点小难，平时用的也比较少，和容易遗忘,0,5.0
666666,0,5.0
确实是进阶,0,5.0
啥也不说了，翁恺老师是我男神！！！,0,5.0
一直在进步，且节奏很舒服，也很喜欢老师,0,5.0
真的讲的好啊。,0,5.0
so far so good!,0,5.0
十分有帮助,0,5.0
课程讲得很好，但是功夫在室外，哈哈。,0,5.0
很棒棒的哦,0,5.0
真的真的很好,0,5.0
真的很不错,0,5.0
讲的很细，感觉很好，以前很多没明白的地方都明白了，而且都是一步步往后面教学，不会出现跨越一大步的情况，这让我们都能从零基础跟上节奏，感觉很不错。老师举的例子也很形象，有时候一下就懂了,0,5.0
很好用的平台,0,5.0
翁恺老师的课程十分不错，简单易懂，从零开始学习这门语言也可以很好的理解。,0,5.0
全网把c语言讲的最透彻的老师  没有之一,0,5.0
课程非常好，感谢翁恺老师还有中国mooc,0,5.0
真是太棒了,0,5.0
很棒，讲解细致,0,5.0
好啊！求快点更新！！,0,5.0
老师教的很好,0,5.0
翁恺老师讲的很好，我看书没讲到的地方也讲了，加深了理解。,0,4.0
好好好好好,0,5.0
讲解易懂有趣，从中学到了很多东西。,0,5.0
老师讲得非常不错！,0,5.0
老师思路很清晰，不像别的有些教学，他做一步，你跟着做一步 ，玩了遇到别的问题 就不会了,0,5.0
好是好，但没老师回答问题。。。,0,3.0
我不管，我要给五星，老师太棒了，我太爱了！！！,0,5.0
通俗易懂。,0,5.0
太棒了，我喜欢！,0,5.0
老师讲的挺好的,0,5.0
学编程，认准恺哥，欧耶,0,5.0
很棒！！！！！！！！！！！,0,5.0
不得不说翁恺老师讲的真的好，通俗易懂，全面。比其他网课的好太多了。从此就是翁恺老师的粉了。,0,5.0
"最好的c语言课程
",0,5.0
"有深度 有意思
",0,5.0
老师讲的非常好,0,5.0
非常好，受益匪浅,0,5.0
最爱翁凯老师！,0,5.0
非常好的学习软件,0,5.0
翁老师讲的太棒了,0,5.0
老师讲的超级好！！！,0,5.0
教课思路方式比较清晰，让人容易吸收。,0,5.0
真的超级nice,0,5.0
翁凯老师讲课细腻，课程安排顺序合理，有很大的帮助！,0,5.0
深入浅出。,0,5.0
很喜欢吧。,0,4.0
翁恺老师讲的课真的很不错呀,0,5.0
感谢老师授课,0,5.0
老师讲的很好,0,5.0
小学生能学吗？,0,5.0
非常喜欢翁恺老师，是他让我爱上编程这门艺术,0,5.0
磕碜内容组织全面,0,5.0
66666666666666666666,0,5.0
浙大牛逼！,0,5.0
             ,0,5.0
12333,0,5.0
C语言的启蒙课，很棒,0,5.0
老师讲解的很到位，但是有的细节的问题还有待改善，一些小的知识点可能没有讲，但是老师以为我们清楚。不过老师说的课还是很棒的,0,5.0
非常棒，感谢,0,5.0
讲的很细，值得一听,0,5.0
老师讲解思路清晰，语言表达简练，编程经验丰富，引导意义明显！！！,0,5.0
让我很有启发,0,5.0
hhhhh,0,5.0
翁老师讲课非常严谨，课程设计合理，容易理解。,0,5.0
"真的很好，学习之后过了C语言2级
",0,5.0
very nice!!!!,0,5.0
顶顶顶顶顶顶顶顶,0,1.0
非常棒！感谢老师带来这么好的课程,0,5.0
很棒，但是中间有一段时间搬家等事务，没有好好完成课程，挺可惜的,0,5.0
翁恺老师讲的很好，注重思维。,0,4.0
授课风格幽默风趣，不仅是循序渐进的讲解，还引发学生对各种问题的深入思考与探究，内容棒极了！,0,5.0
"很好，值得学习
",0,5.0
老师很不错,0,5.0
感觉帮助挺大的,0,5.0
结合实际的编程，讲得很好。。,0,4.0
"还行还行还行
",0,4.0
"翁恺老师的讲课方式很有意思，声音真的很有魅力，内容丰富，易懂，点赞
",0,5.0
讲解详细，通俗易懂,0,5.0
课程非常棒，老师也很好,0,5.0
非常好的课程,0,5.0
很好，很多书上学不到的经验,0,5.0
真的很好 就是要先看第五章再看第四章 要不真的是一脸懵。。。,0,4.0
"深入浅出，化难为易, 大道至简。平易近人, 生动幽默, 引人入胜。 ",0,5.0
由于之前自己看过书籍，但是这次把整体都穿起来了，还不错,0,5.0
深入浅出，讲解了很多计算机系统底层的东西，收获很大。,0,5.0
表白翁凯，老师真不错,0,5.0
大爱翁恺老师！！,0,5.0
非常感谢老师,0,5.0
感谢老师，谢谢,0,5.0
内容言简意赅，举例很容易懂，挺不错的。,0,5.0
翁老师讲得很好。,0,5.0
翁老师是我在mooc最喜欢的老师！！,0,5.0
翁老师上课非常厉害，逻辑清晰，举例充足,0,5.0
Very Good!,0,5.0
有趣！！！,0,5.0
对我帮助很大，谢谢翁凯老师,0,5.0
简单易懂，讲解细致,0,5.0
想让老师也讲讲c  ,0,5.0
学到了很多。,0,5.0
老师讲的很好,0,5.0
课程讲解很详细 收获很多,0,4.0
老师讲得非常好,0,5.0
好课，受益匪浅！,0,5.0
从初学到进阶，翁老师从来不会让人失望,0,5.0
"while(1){
        printf(""感受大自然带来美好时光!\n"");
    }",0,5.0
课程很好，正适合学完课本c的同学学习，获益,0,5.0
学在浙里！,0,5.0
课程非常棒,0,5.0
有概念，有细节，有实例，有演示，非常好的一门课，受益匪浅！,0,5.0
好。。。。。。,0,5.0
对c语言语法的各种类型结构理解的更加透彻了,0,5.0
老师讲的很详细,0,5.0
非常适合我,0,5.0
课程时间虽短但全是核心内容,0,5.0
老师讲的很好,0,5.0
老师讲得非常棒，遇到这样的课程很幸运！,0,5.0
老师开新课了，过来支持一下，翁恺老师讲的特别好，十分感谢。,0,5.0
"很好哦，值得学习
",0,5.0
真的好喜欢翁恺老师！,0,5.0
从入门课跟过来的，继续表白翁老师！,0,5.0
入门C语言的最佳之选,0,5.0
老师讲得很棒,0,5.0
非常棒，翁老师教的很好！！！nice,0,5.0
老师讲的很好,0,5.0
不错 可以 ,0,5.0
翁恺老师的课，贼棒！,0,5.0
喜欢喜欢喜欢,0,5.0
讲解的很清楚，很容易理解,0,5.0
讲得很清楚,0,5.0
nice1111,0,5.0
感觉还不错,0,5.0
逻辑性强，实用，语言通俗易懂，好课啊~,0,5.0
学习什么时候都不晚 继续加油,0,5.0
挺好的，可以进阶C语言,0,5.0
翁恺老师得了永平奖是有道理的，专业水平和授课水平都很强,0,5.0
老师真的很牛,0,5.0
翁恺老师讲的超级棒，清晰明了，点赞！！！！！,0,5.0
讲解思路清晰，认真听讲收获很大的,0,5.0
真是太棒了,0,5.0
老师说的好，,0,5.0
老师的声音很好听，教的既通俗又透彻,0,5.0
"很不错，比在学校老师讲的好
",0,5.0
老师的课非常棒,0,5.0
666666,0,5.0
老师讲的简单易懂，非常好,0,5.0
"灰常好！！！
",0,5.0
"棒     棒     棒
",0,5.0
课程真的很好对于那些零基础想学编程的人很友好,0,5.0
我觉得  讲的不错 。。大家可以学习一下。。。,0,5.0
好好好好好,0,5.0
"老师讲的很好,浅显易懂",0,5.0
"讲解非常到位，逻辑清楚

",0,5.0
翁男神超级好,0,5.0
超级棒的课程，比其他学校的要好太多。,0,5.0
很棒，很清晰,0,5.0
讲得不错！翁恺老师！,0,5.0
非常好，要早学,0,5.0
很棒，学到了很多，非常喜欢。,0,5.0
下一次什么时候开课？,0,5.0
全靠自学！,0,5.0
很舒服的上课感觉,0,5.0
从入门一直学到了进阶，老师讲的很是详细，而且特别和善，真好,0,5.0
。。。。。,0,5.0
很棒，很实用，感谢翁恺老师提供讲座！！！,0,5.0
老师细心认真，很棒,0,5.0
perfect couse,0,5.0
有些地方必须一连贯的听下去，不知道是优点还是缺点,0,4.0
"超级棒
超级棒
",0,5.0
老师很耐心，讲解很细致，就是视频顺序有点乱,0,5.0
很棒的课程。翁老师讲得深入浅出，很适合我这种自学的。,0,5.0
"nice
啊
",0,5.0
翁老师讲的真不错 为人也很儒雅随和 上学期多亏了他了 很喜欢上他的课 推荐,0,5.0
从零基础学到现在，老师讲得很好，希望能转专业,0,5.0
老师讲的很好，很清晰。对于我这个非计算机专业的人来说帮助很大。,0,5.0
老师讲得非常细心，非常感谢！,0,5.0
非常喜欢老师的讲课风格，希望老师能多出一些关于计算机方面的课程,0,5.0
老师讲的真的好呢,0,5.0
好好好好好好好,0,5.0
有点意思，有趣,0,5.0
学的越久越知道知识的重要。,0,5.0
"翁恺老师讲的特别棒
",0,5.0
好好好好好好好好好,0,5.0
讲的非常详细，感谢老师。,0,5.0
虽然有点听不懂 但是很棒,0,5.0
连续型很强,0,5.0
翁恺老师的课真的很好 ，我的老师也是浙大的 但是讲的没有翁老师仔细，让我觉得c很难学习。但是翁老师的课让我明白了很多,0,5.0
获益匪浅啊,0,5.0
老师太给力了,0,5.0
h hhhh,0,5.0
这门课让我想转系去学计算机。老师讲得超级好！,0,5.0
翁恺老师讲得真的很好很生动！！,0,5.0
撬棒！能学到很多书上学不到的tips,0,5.0
课程内容简洁有效，老师讲课生动有趣。,0,5.0
谢谢老师 谢谢慕课,0,5.0
very nice,0,5.0
讲的很细，我c语言基础为零，但是我都能完全听懂老师讲的，谢谢老师,0,5.0
不错，能够了解C语言的基础知识，学到不少东西。,0,5.0
翁恺老师讲的课深入浅出，把难懂的、枯燥的知识点逐层掰开，让我这个小白能够学得有趣、有得。感谢翁恺老师的付出。,0,5.0
老师讲的是真心好,0,5.0
老师的课很有意思！,0,5.0
收藏。。。,0,4.0
讲的很好，有很多延伸知识,0,4.0
老师讲的挺好！,0,5.0
需要重复，反复听，有些问题才能弄懂,0,5.0
0000000,0,5.0
很好！老师很用心在教,0,5.0
bang!,0,5.0
好好好好好好,0,5.0
从C基础追过来的,0,5.0
期待翁老师的短学期课程,0,5.0
老师讲的很详细，作为初学者受益匪浅,0,5.0
老师讲课超级清楚,0,5.0
讲的很清楚也很准确，可以发散思维，引起很多有趣的思考！,0,5.0
好，特别喜欢翁恺老师，还推荐给了同学们。,0,5.0
翁老师棒棒哒,0,5.0
真的是良心慕课呀！,0,5.0
课程讲的很形象，适当拓展，强调实践，受益了,0,5.0
翁凯老师讲的太好了,0,5.0
翁老师循循善诱，懂得如何把冰山一角显露在学生面前，而海面下的冰山却让学生自己去探索。,0,5.0
帮，强烈推荐,0,5.0
非常感谢老师,0,5.0
非常棒！(๑•̀ㅂ•́)و✧,0,5.0
很棒的一门课，老师讲的很棒！,0,5.0
"老师的C语言课可以说是Mooc最好的C语言课，要是有c ＋＋课就好了．
mooc中其它的好多课程都是老师照着ｐｐｔ念，看着都快睡着了．　",0,5.0
老师讲的特别棒，要是PPT能够详细一点就更好了,0,5.0
希望翁老师多出一些课程，真的讲的非常好，很多视频的细节值得反复看然后吸收消化。,0,5.0
精炼，思路清晰,0,5.0
条理清晰 内容合理 深入浅出 强烈推荐,0,5.0
"很棒，很nice
",0,5.0
老师讲得很好,0,5.0
希望增加测验,0,4.0
nice，looking for more courses instructed by teacher weng,0,5.0
老师讲的太棒了，就是有个建议。希望PPT能换成黑色背景，白色字体。白色背景太晃眼了。,0,5.0
授课方式幽默，不错的风格，很有趣，生动，让人易理解,0,5.0
加大了C语言的深度，从工程角度进行讲解，让我对C的认识更加深一步。谢谢老师！,0,5.0
"完美，翁恺老师的课很详细
",0,5.0
很好很好，老师特别好,0,5.0
可以反复学，多多理解,0,5.0
"老师水平非常高
",0,5.0
11111,0,5.0
不错哟！！！！！！！,0,5.0
老师的讲解很生动,0,5.0
66666,0,5.0
从中学到了很多有趣有用的东西，受益匪浅,0,5.0
好很好很好好,0,5.0
老师讲课的方式非常好，学到了很多,0,4.0
欣赏翁老师的教学工作，不仅教授语言上的知识，还启发一些如何写程序，希望这方面可以在多加一些！,0,5.0
老师讲得很棒！,0,5.0
特别喜欢翁恺老师的课,0,5.0
666666,0,5.0
有很大收获，不用出门就能学到很多知识。,0,5.0
很棒的教程,0,5.0
翁教授的进阶课让我大开眼界，思路清晰，通过试错的方法，让人豁然开朗。只是我们上班一族，忙于工作，练的太少，让翁教授感到失望了。说实话很想跟上课程进度，但第一个编程题就难住我了。还是练得太少，思考的太少！决定有时间先从基础的C编程练起，尽管以前学过，已经还给老师。,0,5.0
"收获很多很多
",0,5.0
再录个这样的C  吧！,0,5.0
内容合理，适合新手入门,0,5.0
讲的非常好,0,5.0
老师讲的浅显易懂，课件也非常的详细，很适合初学者。,0,5.0
老师讲课很好，引导学生自己想办法解决问题，(๑•̀ㅂ•́)و✧,0,5.0
特别喜欢老师的课程,0,5.0
听了老师的课，我感觉到我更想要去学习c，因为感觉有人陪着的感觉，支持老师,0,5.0
由浅入深地讲解，很好的老师,0,5.0
6666666,0,5.0
老师多讲讲习惯和练习吧,0,5.0
"老师教的很好，由浅入深，循循善诱
",0,5.0
跟着老师学习了很多知识，光靠自己看书，还真不行。,0,5.0
非常好，跟着名师学，,0,5.0
很棒啊！！！翁老师很很很厉害！！！,0,5.0
引用论语一句话，博我以文，约我以礼，欲罢不能。循序渐进 很好,0,5.0
通俗易懂.非常棒!,0,5.0
好好好好好,0,5.0
啦啦啦啦啦,0,5.0
收获很多，非常感谢慕课提供的这样一个平台让我们这些很普通的学生可以学到这么好的课程。,0,5.0
hengbang,0,5.0
很不错，就是有些知识省略了,0,4.0
wwwwwwwwwwwadawdawda,0,5.0
可以啊不错,0,5.0
很棒，强烈推荐。,0,5.0
讲的太好了,0,5.0
老师讲的很好，  而且也是个有趣的人,0,5.0
希望能够多增加一些实操类型的例子,0,5.0
很好很好好好好,0,5.0
翁老师超强的智慧，学生我佩服无比！！！,0,5.0
翁老师激萌！！！,0,5.0
老师讲的非常好。,0,5.0
很好，和之前的课程很好的衔接，很好,0,5.0
"可以，很不错
",0,5.0
老师讲得挺好的  希望课件每次都发  在入门课上后面几周都没课件了,0,5.0
越学越感兴趣，也可以说翁老师特色越来越明显了。,0,5.0
轻松入门~,0,5.0
"谢老师带我蜕变
",0,5.0
真的是好课,0,5.0
老师思路很清晰，讲解得很好,0,5.0
老师讲的非常通俗易懂，非常吸引我学习C语言,0,5.0
老师教得清楚直白了，容易接受。,0,5.0
身为一个CS的学生，翁老师的视频不仅帮我介绍梳理了知识，每周一更的视频更是我学习的动力之一！,0,5.0
老师可以讲讲数据结构吗？,0,5.0
"课程很好，老师讲解也很仔细
",0,5.0
内容很棒的,0,5.0
零基础学习，努力跟上进度,0,5.0
真是太好了,0,5.0
非常棒！对我的课程很有利！,0,5.0
老师的讲课方式很自由，以实践与幽默风趣的讲授方式带给学生无穷无尽的学习乐趣。还希望老师能够继续发布课程，比如C  和Python编程入门。,0,5.0
讲师讲的内容比较通俗，容易理解,0,5.0
优秀，讲的就是好,0,5.0
老师讲解的很清晰，很适合初学者,0,4.0
讲课风格通俗易懂，深入浅出。,0,5.0
很好，对入门学生很友好的课程,0,5.0
内容充实，简单易懂,0,5.0
非常喜欢老师。,0,5.0
翁老师的课一直都讲的很好，细 通俗易懂 ,0,5.0
老师能够形象地表达出抽象的物理概念,0,5.0
系统梳理了很多知识点，清晰易懂,0,5.0
很不错，希望会更好,0,5.0
666666666666,0,5.0
66666,0,5.0
很好很好的,0,5.0
静静的感受，收获的不仅仅是知识,0,5.0
翁凯出品，必属精品,0,5.0
授课方式很好，不难听懂,0,5.0
老师很用心，很细致，教学内容和方式也很引人入胜,0,5.0
同九义，汝何秀,0,5.0
67676767,0,5.0
利用翁恺老师的课程入门的，很不错,0,5.0
老师讲的很不错,0,5.0
"本人语文水平有限，语言组织能力有限。
所以借用慕友的话表达本人对翁恺老师的认可与敬佩。
循循善诱，通俗易懂这两个词，真的要送给翁恺老师。
自己懂和能让其他人懂很明显是两个境界。
传道授业解惑不外如是。",0,5.0
很喜欢翁老师的课。,0,5.0
支持翁老师,0,5.0
很好，很有帮助,0,5.0
"发人深思，条理清晰。
",0,5.0
很好，同学们一起加油,0,5.0
简明易懂，深入浅出,0,5.0
收获非常大,0,5.0
真的很不错,0,5.0
老师讲的非常棒,0,5.0
深入浅出 讲解详细 非常好,0,5.0
非常喜欢翁凯老师讲课,0,5.0
"课程讲的不错
",0,5.0
真的超级棒,0,5.0
翁恺老师的思维真的清晰，佩服！希望有一天能见到这位优秀的老师,0,5.0
因为爸妈不建议我去外地所以没选择来浙大，但是听了老师的课程我现在真的感到十分遗憾了。,0,5.0
翁恺老师最帅！,0,5.0
棒棒棒棒棒,0,5.0
翁凯老师的课讲得是真的好！！！,0,5.0
"翁老师的函授方式一直感觉很不错，讲的也很透彻，个人感觉很有帮助！
",0,5.0
niceskrskr,0,5.0
男神啊翁凯老师,0,5.0
感觉很不错啊,0,5.0
老师交得很好,0,5.0
"good,very good.",0,5.0
666666,0,5.0
老师讲的很好，深入浅出，一点都不枯燥。,0,5.0
"喜欢听老师讲课,讲的非常非常好,特别适合用来学习C语言的课程",0,5.0
还是适合有基础的人来看，毕竟时间有限不能全部展开。,0,5.0
自己时间安排不合理，导致学习跟不上，真的成了三天打鱼两天晒网，反省中,0,5.0
如沫春风，余音绕梁。我是老师你的铁杆粉丝，希望能把您教授的课程全部学习完成。,0,5.0
"看翁恺老师的课真的让人感觉很快乐，谢谢老师，希望以后去浙大有机会见老师一面。客观上讲课是非常适合新手的，就算是第一次接触c也能轻易的看懂，当然内容上也有老师做的简化，配合教材使用效果更佳哦~
",0,5.0
动手能力超强老师,0,5.0
老师讲的很好,0,5.0
讲的好，我要多练习，进一步学习,0,5.0
教学内容充分，老师的讲课娓娓道来，而且理论与实践同步，真不错！,0,4.0
很棒 老师很好,0,5.0
"非常好，很详细；
",0,5.0
老师讲得很好,0,5.0
翁凯老师很棒,0,5.0
"真的很不错
",0,5.0
非常适合作为入门课程,0,5.0
"提问区关闭不太方便
",0,4.0
好啊！！！！,0,5.0
感觉起到了我对知识的巩固 ，以及应运还有认识到了很多新的东西,0,5.0
深入浅出，通俗易懂,0,5.0
继续学习，好好学习，天天向上！,0,5.0
讲的非常好,0,5.0
非常不错，让我学到了很多，这都是课堂上没有的东西,0,5.0
非常不错，让我学到了很多，这都是课堂上没有的东西,0,5.0
老师的课很好,0,5.0
"挺好的，比自己一个人默默看书强多了
",0,5.0
祝贺老师获奖，课程很棒！！！,0,5.0
"满分5星！翁老师的经典MOOC课程之一。精品。高质量贯穿辐射于课程结构/内容，课件质量，练习和测试，期末考试。

强烈推荐给有C语言程序设计基础的同学们。",0,5.0
挺好的，都是之前的盲点,0,5.0
讲解清晰 挺好理解的 边听便跟着做 更容易理解消化,0,5.0
老师超级棒,0,5.0
"	内容：
		难易的安排很合理
		经典的例子，最直接的方式理解 C 语言的特性
	授课：
		根据现在的程序存在的问题导入新的内容。知其然并知其所以然。
		画图、代码，一步一步的推敲程序该怎么写，这在线下非常少见。
		优秀的代码风格，对新手养成好的习惯非常好。
	收获、启发：
		比线下的老师还要认真。在深度和广度方面都给了我很大的启发。
		老师是真的可以说是，亢龙有悔 引而不发
		虽然没能去听老师线下的课程，但是能做老师的学生非常荣幸。",0,5.0
老师讲的很好啊，特别是游戏那个环节，那种思路以前没有想到过,0,5.0
翁老师讲得很生动，我能学到很多关于C语言的知识，很好的一门课程！,0,5.0
"非常好的一门课！下载下来留着慢慢学习
",0,5.0
老师讲课条例清晰，一听就懂！很喜欢翁恺老师讲课！,0,5.0
非常不错 真心推荐  能学到真东西,0,5.0
"还不错吧。
",0,5.0
非常好的老师，喜欢,0,5.0
"课程还是很不错的
",0,4.0
内容详实，举例明确,0,5.0
一些部分还比较难懂,0,4.0
非常赞！很有收获，值得反复看。,0,5.0
很好！！！！！,0,4.0
讲解的通俗易懂,0,5.0
nice!!!!,0,5.0
课程讲得非常好，强烈推荐大家学习！！！,0,5.0
很棒很精彩。不过有些地方比较难理解。,0,5.0
nice！,0,5.0
翁老师讲的很仔细,0,5.0
我的评论划水，但是老师的课质量毋庸置疑，谁用谁知道！,0,5.0
老师讲课深入浅出，重点、关键处讲得很明白，赞！,0,5.0
很棒的课程，老师教的很好！,0,5.0
翁老师讲课很厉害,0,5.0
很棒！很喜欢！,0,5.0
苦逼浙大学子限于三本的彩票系统选不上翁老师的课只能来慕课膜男神,0,5.0
从课堂中的学习我了解到更多有关C语言的知识，感到了学习的乐趣。,0,5.0
老师讲的很好，深入浅出，在讲解基本知识的同时还会提醒很多容易忽视的点，很适合作为自己学校课程的补充，很喜欢老师的授课,0,5.0
"翁老师,讲得实在是太棒了!!!!
很有意思!",0,5.0
谢谢老师，讲的非常容易懂，完成高三毕业生，非常喜欢,0,5.0
"1. 老师用案例程序把知识点贯穿起来，既能吸引学生，又需要学生适当的思考，还能调动学生动手编程。非常好的课程。
2. 很好听的声音，节奏、顿挫感、情绪把握的都很到位。
3. 应该是有留学背景的，和国内常见的重语法、轻思想、少训练的模式不同，很有活力。",0,5.0
老师讲课很幽默风趣，并且也很深刻，帮助弄懂了之前不懂的知识点,0,5.0
老师讲的很好,0,5.0
从翁恺老师的课程里，学到很多关于C语言的应用，和其他方面的知识。同时也加深了对C语言的理解。,0,5.0
能够随时随地的学习，老师的授课非常棒，将我以前没有注意到的细节都讲到了。,0,5.0
老师讲的不错,0,5.0
讲得非常好,0,5.0
简单易懂，思路清晰,0,5.0
"纯小白，化学专业学生，到进阶就听不懂了，不过老师讲的很好

",0,5.0
很棒的课程，讲解也很有针对性 ！,0,5.0
让学习成为一种习惯；,0,5.0
非常不错的课程，但是练习题有点少。,0,5.0
"还不错哦！
",0,3.0
很多之前学习过程中没有注意的细节 这里都有，超赞,0,5.0
有深度，不适合0基础,0,5.0
翁恺老师的课程清晰明了，讲课思路有逻辑性。,0,5.0
我觉得代码题太少了。,0,5.0
 超级棒 EE转CS，跨考生也能很快掌握基础，很感谢老师,0,5.0
老师讲课很棒，虽然都学过一遍了，但还是强推,0,5.0
老师带来了新颖的讲解，很受用。,0,5.0
翁老师讲的非常好,0,5.0
翁老师讲课由浅入深，很棒！希望老师能继续出一下更加深入的课程！,0,5.0
非常满意，深入浅出,0,5.0
"我拿到了C语言的人们课程合格证，同时还拿到了JAVA课程的优秀证。
我希望现在的C语言进阶课程和JAVA 的进阶课程是否可以把课程时间延长一些，或者把这两个课程分时间先后放出来。我想两个都学习一下，但是，现在这两个同时放出来，时间显得有些紧张呀！",0,5.0
很好，老师讲的很不错！,0,5.0
超级无敌真心尼玛棒,0,5.0
谢谢中M和翁老师,0,5.0
要是有两个小型实验项目练手就好了 ，上完课对较大的程序项目的设计思路 还是有点抽象,0,4.0
满分满分，翁恺老师我爱你,0,5.0
进阶教程有助于提升对C语言的理解,0,5.0
翁恺老师你讲的太棒了，你就是我计算机学习路上的明灯，希望老师你能够开更高阶的课程，我一定会继续跟下去，还有我想问一下老师你带不带研究生呢？好想考你的研究生！！！,0,5.0
从事开发两年，重拾 C 语言，许多原来觉得迷惑的概念都豁然开朗了。受益良多，强烈推荐。,0,5.0
非常棒，学起来非常快乐,0,5.0
还不错 值得学习,0,5.0
知识的拓展与深入较好,0,5.0
真的是太棒了,0,5.0
有的关键的但是比较复杂的内容讲得有点快，思维慢的跟不上,0,4.0
棒棒棒，非常感谢，希望能坚持下来,0,5.0
很好呢，推荐,0,5.0
非常好！回头,0,5.0
讲的非常棒,0,5.0
简单明了，感谢老师,0,5.0
这门课教授了很多基础的重要的东西（比如内存），同时也提示了很多初学者容易犯的错误，还教了很多常用的编程技巧，是学习C语言很好的教学视频。,0,5.0
翁恺老师的计算机相关的课程听了好几门，非常棒！,0,5.0
"很棒  强烈推荐
",0,5.0
老师讲的很好，非常喜欢，一般不做评价，但翁老师在这门课上确实帮了我很多，非常感谢翁老师。,0,5.0
这是我为数不多的想去亲身体验一下在他的课堂听课的老师,0,5.0
棒棒棒~~,0,5.0
101001,0,5.0
(๑•̀ㅂ•́)و✧,0,5.0
作为C语言的提高课程来讲，这门课是很棒的。,0,5.0
讲课通俗易懂,0,5.0
非常感谢这个平台提供的免费课程，也感谢翁恺老师百忙之中录制的视频。视频内容让学生身临其境，效果棒极了！,0,5.0
"感觉挺好的
",0,5.0
授课老师很好,0,5.0
那可以说是相当易解了,0,5.0
授课方式清晰易懂,0,5.0
从入门课程一路学习过来的，课程的内容设置，配套的习题系统，都是比较用心的，学习人数也很多，保证了内容和习题的质量，同时还可以交流讨论。,0,5.0
老师讲的很细致认真，很好,0,5.0
很喜欢老师的讲解方式和进度，表示自学专业课编程语言都不是很吃力的！,0,5.0
特别喜欢老师讲的课，非常透彻！,0,5.0
老师讲得非常详细，且示例丰富，很棒！,0,5.0
老师上课非常用心，课程设置合理，非常棒！,0,5.0
C语言程序设计进阶其实是C语言入门的延续，很有必要学习。,0,5.0
老师讲得很清楚。,0,5.0
很实用，老师讲的很好,0,5.0
老师讲的非常好，尤其是翁恺老师,0,5.0
"很棒，依然如此
",0,5.0
翁恺老师太棒了，教学内容浅显易懂，但是学到的东西却能影响很大。,0,5.0
内容安排得当，老师讲的更是非常棒棒,0,2.0
老师讲的很好，内容设置合理，循序渐进，思路清楚，讲解细致,0,5.0
"越学越有趣！！  

（18.5.21更）每天本来学习时间有限，每次要花大部分时间来调试软件，bug太多了，调试好软件之后就该睡觉了，呜呜，我还是去学习Python吧。",0,5.0
从新对c的指针和数组认识了一遍，很好的课程！,0,5.0
有点乱   开头头绪没理清楚,0,2.0
老师说的知识非常通俗易懂，很容易上手,0,5.0
老师讲课很棒,0,5.0
感觉学到了很多，尤其是在许多难点都启发了我,0,5.0
课程推进的节奏很好，比较舒服,0,5.0
很好～zszszs,0,5.0
很详细，很有用处,0,5.0
"非常不错  讲的很详细
",0,5.0
讲课很详细，超棒,0,5.0
"老师讲的非常棒
",0,5.0
喜欢翁恺的课程,0,5.0
老师说的详细，激发了我学习的热情,0,5.0
"从上一门课来的 感觉很不错
",0,5.0
老师的讲解非常清楚到位，对于学习C语言非常有帮助,0,5.0
非常棒，老师讲解引人入胜,0,5.0
超级棒，希望在学习中多出现些实用有趣的题目，最好能做些简单的游戏,0,5.0
讲得很好！但如果我没有一点计算机基础，学翁老师的课估计会云来雾去了！,0,5.0
喜爱翁老师，能够在mooc上听到这么好的课程，太幸运了！,0,4.0
老师非常好，讲的很好,0,5.0
老师讲的特别清楚 也非常有意思 所以听的特别有趣。,0,5.0
翁恺老师讲解的非常仔细，而且深入浅出，逻辑清晰，有很多地方讲解的通俗易懂,0,5.0
老师们讲的很好，课堂精度很高,0,5.0
很好的一节课,0,5.0
课件剪辑上稍微有点问题,0,5.0
老师的课很生动，讲解也让人容易理解，是一门很好的C语言课程。,0,5.0
一直都很喜欢翁恺老师做的慕课，希望老师会有更多的课程上线,0,5.0
非常不错，感谢老师。,0,5.0
bang!,0,5.0
感觉很有用，学到了很多东西,0,5.0
课程很好，,0,5.0
真的很棒学到很多东西,0,5.0
老师十分讲课生动有趣,0,5.0
老师说的非常好，很多要点一听就明白了，比自己看书效果好多了。,0,5.0
